{"type":"FeatureCollection","attribution":"Lineas limite municipales (c) Instituto Geografico Nacional, CC BY 4.0. TopoJSON: es-atlas (MIT).","features":[{"type":"Feature","properties":{"name":"Lanzuela","layer":"municipio"},"geometry":{"type":"MultiLineString","coordinates":[[[-1.22755,41.10398],[-1.2028,41.11044],[-1.17806,41.12821],[-1.15557,41.12821],[-1.15782,41.10398],[-1.18706,41.08944],[-1.22755,41.10398]]]}},{"type":"Feature","properties":{"name":"Barrachina","layer":"municipio"},"geometry":{"type":"MultiLineString","coordinates":[[[-1.13983,40.86325],[-1.18931,40.89394],[-1.14883,40.91818],[-1.12409,40.9101],[-1.10834,40.8794],[-1.12858,40.86163],[-1.13983,40.86325]]]}},{"type":"Feature","properties":{"name":"Bea","layer":"municipio"},"geometry":{"type":"MultiLineString","coordinates":[[[-1.16907,41.01673],[-1.16232,41.05389],[-1.14883,41.05712],[-1.0971,41.02481],[-1.11734,40.99734],[-1.16907,41.01673]]]}},{"type":"Feature","properties":{"name":"Beceite","layer":"municipio"},"geometry":{"type":"MultiLineString","coordinates":[[[0.17591,40.74208],[0.16241,40.77116],[0.13317,40.78731],[0.12643,40.8067],[0.13767,40.83093],[0.22314,40.86163],[0.25463,40.86971],[0.25013,40.85517],[0.27262,40.81963],[0.25687,40.80024],[0.23213,40.77923],[0.17591,40.74208]]]}},{"type":"Feature","properties":{"name":"Anad\u00f3n","layer":"municipio"},"geometry":{"type":"MultiLineString","coordinates":[[[-1.00938,40.97957],[-1.00938,40.98119],[-1.00038,40.99573],[-0.9689,41.0135],[-0.93966,40.99734],[-0.92391,40.97957],[-0.93966,40.96826],[-0.96215,40.96342],[-0.98014,40.96988],[-1.00938,40.97957]]]}},{"type":"Feature","properties":{"name":"Fombuena","layer":"municipio"},"geometry":{"type":"MultiLineString","coordinates":[[[-1.15557,41.12821],[-1.17806,41.12821],[-1.2163,41.1379]]]}},{"type":"Feature","properties":{"name":"Torre los Negros","layer":"municipio"},"geometry":{"type":"MultiLineString","coordinates":[[[-1.12858,40.86163],[-1.10834,40.8794],[-1.06336,40.87456],[-1.04762,40.85517],[-1.05661,40.83578],[-1.07461,40.82447],[-1.11284,40.82286],[-1.10834,40.8374],[-1.12858,40.86163]]]}},{"type":"Feature","properties":{"name":"Torremocha de Jiloca","layer":"municipio"},"geometry":{"type":"MultiLineString","coordinates":[[[-1.30851,40.59667],[-1.23879,40.61444],[-1.21855,40.62413],[-1.19156,40.62575],[-1.18931,40.58374],[-1.21855,40.57567],[-1.2253,40.58536],[-1.30626,40.5789],[-1.30626,40.58859],[-1.30851,40.59667]]]}},{"type":"Feature","properties":{"name":"Blancas","layer":"municipio"},"geometry":{"type":"MultiLineString","coordinates":[[[-1.43896,40.84548],[-1.43222,40.84224],[-1.41197,40.81801],[-1.41872,40.79378],[-1.42997,40.7857],[-1.48395,40.79378]]]}},{"type":"Feature","properties":{"name":"Valdehorna","layer":"municipio"},"geometry":{"type":"MultiLineString","coordinates":[[[-1.44571,41.07489],[-1.41197,41.08136],[-1.40972,41.07166],[-1.40523,41.06682],[-1.41422,41.03289],[-1.41647,41.04581],[-1.44571,41.07489]]]}},{"type":"Feature","properties":{"name":"Maicas","layer":"municipio"},"geometry":{"type":"MultiLineString","coordinates":[[[-0.93966,40.96826],[-0.92391,40.97957],[-0.91042,40.99734],[-0.88343,40.99088],[-0.86319,40.97796],[-0.84969,40.95857],[-0.89018,40.94564],[-0.90367,40.94403],[-0.93966,40.96826]]]}},{"type":"Feature","properties":{"name":"Val de San Mart\u00edn","layer":"municipio"},"geometry":{"type":"MultiLineString","coordinates":[[[-1.44571,41.07489],[-1.41647,41.04581],[-1.41422,41.03289],[-1.42322,41.02643],[-1.4772,41.01512]]]}},{"type":"Feature","properties":{"name":"La Mata de los Olmos","layer":"municipio"},"geometry":{"type":"MultiLineString","coordinates":[[[-0.55956,40.85355],[-0.51907,40.91656],[-0.51008,40.91495],[-0.51457,40.89556],[-0.50108,40.86809],[-0.48534,40.86002],[-0.48758,40.85517],[-0.52582,40.85355],[-0.54606,40.84386],[-0.55956,40.85355]]]}},{"type":"Feature","properties":{"name":"La Zoma","layer":"municipio"},"geometry":{"type":"MultiLineString","coordinates":[[[-0.64952,40.78085],[-0.64727,40.78247],[-0.61803,40.80024],[-0.60454,40.79216],[-0.60229,40.77923],[-0.58205,40.76954],[-0.62028,40.75662],[-0.63828,40.75823],[-0.63153,40.76793],[-0.64952,40.78085]]]}},{"type":"Feature","properties":{"name":"Comunidad de la Pardina del Mercadal","layer":"municipio"},"geometry":{"type":"MultiLineString","coordinates":[[[-1.05886,41.11044],[-1.05436,41.11852],[-1.03862,41.13467]],[[-1.00038,41.11529],[-1.05886,41.11044]]]}},{"type":"Feature","properties":{"name":"El Franco","layer":"municipio"},"geometry":{"type":"MultiLineString","coordinates":[[[-0.93291,40.89879],[-0.92166,40.90525],[-0.93291,40.89879]]]}},{"type":"Feature","properties":{"name":"Aguat\u00f3n","layer":"municipio"},"geometry":{"type":"MultiLineString","coordinates":[[[-1.26128,40.6823],[-1.22979,40.69038],[-1.2253,40.70007],[-1.20505,40.65806],[-1.21405,40.64675],[-1.18481,40.64029],[-1.19156,40.62575],[-1.21855,40.62413],[-1.24779,40.65968],[-1.26128,40.6823]]]}},{"type":"Feature","properties":{"name":"Alac\u00f3n","layer":"municipio"},"geometry":{"type":"MultiLineString","coordinates":[[[-0.74398,41.02966],[-0.75298,41.04904],[-0.72599,41.06359],[-0.71924,41.07651],[-0.68551,41.08944],[-0.65627,41.07166],[-0.65402,41.04581],[-0.67876,41.0135],[-0.70125,41.01027],[-0.74398,41.02966]]]}},{"type":"Feature","properties":{"name":"Almohaja","layer":"municipio"},"geometry":{"type":"MultiLineString","coordinates":[[[-1.4682,40.61606],[-1.41647,40.64029],[-1.40073,40.60152],[-1.41197,40.58213],[-1.43222,40.58051],[-1.4727,40.59667]]]}},{"type":"Feature","properties":{"name":"Alobras","layer":"municipio"},"geometry":{"type":"MultiLineString","coordinates":[[[-1.44346,40.1653],[-1.43896,40.19761],[-1.43446,40.20084],[-1.38049,40.21215],[-1.37599,40.19276],[-1.34675,40.17661],[-1.37374,40.1653],[-1.40972,40.15883],[-1.44346,40.1653]]]}},{"type":"Feature","properties":{"name":"Alpe\u00f1\u00e9s","layer":"municipio"},"geometry":{"type":"MultiLineString","coordinates":[[[-1.11284,40.82286],[-1.07461,40.82447],[-1.05661,40.83578],[-1.04762,40.82124],[-1.05211,40.8067],[-1.02962,40.79216],[-1.07236,40.76469],[-1.09485,40.79539],[-1.12184,40.79862],[-1.11284,40.82286]]]}},{"type":"Feature","properties":{"name":"Ababuj","layer":"municipio"},"geometry":{"type":"MultiLineString","coordinates":[[[-0.91267,40.56274],[-0.89018,40.57405],[-0.84519,40.57728],[-0.82945,40.56759],[-0.78447,40.56597],[-0.77097,40.54012],[-0.77772,40.52073],[-0.78672,40.50781],[-0.82495,40.51427],[-0.84295,40.53204],[-0.90817,40.54497],[-0.91267,40.56274]]]}},{"type":"Feature","properties":{"name":"Abejuela","layer":"municipio"},"geometry":{"type":"MultiLineString","coordinates":[[[-0.91942,39.96496],[-0.89692,39.98111],[-0.84519,39.95365],[-0.82945,39.9068],[-0.79796,39.88256],[-0.79796,39.88095],[-0.8272,39.87125],[-0.86769,39.84702],[-0.89468,39.85671],[-0.91042,39.86802],[-0.89917,39.89226],[-0.91492,39.91811],[-0.90592,39.94072],[-0.91942,39.96496]]]}},{"type":"Feature","properties":{"name":"Aguaviva","layer":"municipio"},"geometry":{"type":"MultiLineString","coordinates":[[[-0.26717,40.82124],[-0.23568,40.8277],[-0.21769,40.85194],[-0.21094,40.86325],[-0.17945,40.84063],[-0.15921,40.8067],[-0.16371,40.79862],[-0.14347,40.7857],[-0.19745,40.78408],[-0.24693,40.80508],[-0.26717,40.82124]]]}},{"type":"Feature","properties":{"name":"Aguilar del Alfambra","layer":"municipio"},"geometry":{"type":"MultiLineString","coordinates":[[[-0.89018,40.57405],[-0.87443,40.59344],[-0.8272,40.61767],[-0.77097,40.60152],[-0.75073,40.58374],[-0.78447,40.56597],[-0.82945,40.56759],[-0.84519,40.57728],[-0.89018,40.57405]]]}},{"type":"Feature","properties":{"name":"Alba","layer":"municipio"},"geometry":{"type":"MultiLineString","coordinates":[[[-1.41647,40.64029],[-1.41422,40.64514],[-1.39173,40.65968],[-1.349,40.66453],[-1.32201,40.63706],[-1.32876,40.62737],[-1.30851,40.59667],[-1.30626,40.58859],[-1.34675,40.5789],[-1.38273,40.56274],[-1.41197,40.58213],[-1.40073,40.60152],[-1.41647,40.64029]]]}},{"type":"Feature","properties":{"name":"Albalate del Arzobispo","layer":"municipio"},"geometry":{"type":"MultiLineString","coordinates":[[[-0.45835,41.11529],[-0.46059,41.10074],[-0.44935,41.08782],[-0.46959,41.05389],[-0.49883,41.04097],[-0.51682,41.04581],[-0.57305,41.07651],[-0.62253,41.08459],[-0.65627,41.10559],[-0.69225,41.09913],[-0.6945,41.11205]]]}},{"type":"Feature","properties":{"name":"Albarrac\u00edn","layer":"municipio"},"geometry":{"type":"MultiLineString","coordinates":[[[-1.44121,40.51266],[-1.42097,40.5175],[-1.41197,40.54982],[-1.38948,40.54497],[-1.38723,40.52235],[-1.36474,40.50296],[-1.37374,40.47711],[-1.37374,40.4448],[-1.35799,40.41249],[-1.38498,40.41572],[-1.40073,40.40118],[-1.38273,40.37533],[-1.36474,40.36079],[-1.31301,40.3624],[-1.31301,40.34302],[-1.35125,40.34463],[-1.36474,40.33009],[-1.35575,40.29455],[-1.32876,40.28162],[-1.31976,40.30424],[-1.30626,40.31555],[-1.30402,40.36079],[-1.27928,40.38017],[-1.26803,40.37856],[-1.28827,40.35756],[-1.27928,40.35109],[-1.25678,40.30424],[-1.31076,40.27516],[-1.31526,40.23638],[-1.32426,40.24285],[-1.33775,40.22669],[-1.35799,40.22669],[-1.36024,40.24769],[-1.38498,40.2687],[-1.44571,40.26547],[-1.46145,40.24446],[-1.48619,40.23477]],[[-1.4592,40.20246],[-1.43446,40.20084],[-1.43896,40.19761],[-1.47495,40.18468]],[[-1.4592,40.47873],[-1.44121,40.47711],[-1.43222,40.4965],[-1.44121,40.51266],[-1.47045,40.51589]],[[-1.46145,40.28485],[-1.45471,40.30909],[-1.4727,40.31232]],[[-1.46145,40.24446],[-1.4682,40.25416],[-1.4637,40.28162],[-1.47945,40.26385]],[[-1.46595,40.33817],[-1.44796,40.30747],[-1.39848,40.31393],[-1.38498,40.33009],[-1.40073,40.33817],[-1.40523,40.35594],[-1.42547,40.35917],[-1.4592,40.35109],[-1.46595,40.33817]],[[-1.41647,40.27677],[-1.38723,40.27516],[-1.37374,40.29293],[-1.37824,40.30909],[-1.40748,40.31393],[-1.43446,40.30909],[-1.43222,40.29293],[-1.44346,40.28324],[-1.41647,40.27677]]]}},{"type":"Feature","properties":{"name":"Albentosa","layer":"municipio"},"geometry":{"type":"MultiLineString","coordinates":[[[-0.81596,40.09421],[-0.80246,40.09744],[-0.74848,40.14914],[-0.72824,40.14106],[-0.71475,40.12167],[-0.7125,40.08936],[-0.71924,40.07482],[-0.7125,40.04251],[-0.71699,40.04089],[-0.76198,40.04089],[-0.79796,40.06836],[-0.81596,40.09421]]]}},{"type":"Feature","properties":{"name":"Alcaine","layer":"municipio"},"geometry":{"type":"MultiLineString","coordinates":[[[-0.75973,40.99411],[-0.74398,40.99573],[-0.67651,40.97957],[-0.66077,40.96988],[-0.65627,40.95049],[-0.63378,40.93434],[-0.63603,40.90849],[-0.65627,40.89718],[-0.67201,40.92141],[-0.70125,40.9311],[-0.74623,40.93434],[-0.74623,40.94403],[-0.74398,40.96988],[-0.75973,40.97634],[-0.75973,40.99411]]]}},{"type":"Feature","properties":{"name":"Andorra","layer":"municipio"},"geometry":{"type":"MultiLineString","coordinates":[[[-0.52807,41.02319],[-0.51682,41.04581],[-0.49883,41.04097],[-0.46959,41.05389],[-0.44935,41.08782],[-0.42011,41.08297],[-0.38862,41.05712],[-0.34364,41.03289],[-0.36388,41.01673],[-0.37513,40.9828],[-0.38412,40.95211],[-0.39312,40.94403],[-0.42686,40.94241],[-0.46959,40.94726],[-0.47859,40.97311],[-0.47634,41.00219],[-0.52807,41.02319]]]}},{"type":"Feature","properties":{"name":"Alcal\u00e1 de la Selva","layer":"municipio"},"geometry":{"type":"MultiLineString","coordinates":[[[-0.78222,40.38179],[-0.76423,40.41249],[-0.73724,40.4141],[-0.7035,40.4141],[-0.68776,40.40118],[-0.64952,40.38825],[-0.63828,40.37533],[-0.64277,40.33171],[-0.63378,40.33009],[-0.63828,40.31555],[-0.64952,40.30909],[-0.67426,40.31555],[-0.7125,40.34625],[-0.73049,40.34302],[-0.75973,40.3107],[-0.79122,40.3204],[-0.77997,40.35271],[-0.76872,40.35756],[-0.78222,40.38179]]]}},{"type":"Feature","properties":{"name":"Ca\u00f1izar del Olivar","layer":"municipio"},"geometry":{"type":"MultiLineString","coordinates":[[[-0.65402,40.77277],[-0.64952,40.78085],[-0.63153,40.76793],[-0.63828,40.75823],[-0.66302,40.75985],[-0.65402,40.77277]],[[-0.66302,40.83255],[-0.61578,40.82932],[-0.61803,40.80024],[-0.64727,40.78247],[-0.67201,40.81478],[-0.66302,40.83255]]]}},{"type":"Feature","properties":{"name":"Alca\u00f1iz","layer":"municipio"},"geometry":{"type":"MultiLineString","coordinates":[[[-0.37513,40.9828],[-0.36388,41.01673],[-0.34364,41.03289],[-0.34364,41.06197],[-0.3234,41.09267],[-0.29191,41.0959],[-0.3099,41.10074],[-0.27167,41.13467]],[[-0.01302,41.12013],[-0.00177,41.09105],[0.03646,41.04581],[0.02746,41.04097],[0.00272,41.0442],[-0.02202,41.03289],[-0.04226,41.03127],[-0.06925,40.98927],[-0.12548,40.99088],[-0.12997,40.97957],[-0.14347,40.98442],[-0.14572,41.00219],[-0.16146,41.00381],[-0.17721,40.97473],[-0.22894,40.99896],[-0.26942,41.00865],[-0.28966,41.00542],[-0.33689,40.99088],[-0.37513,40.9828]]]}},{"type":"Feature","properties":{"name":"Alcorisa","layer":"municipio"},"geometry":{"type":"MultiLineString","coordinates":[[[-0.46959,40.94726],[-0.42686,40.94241],[-0.39312,40.94403],[-0.38412,40.95211],[-0.37513,40.9828],[-0.33689,40.99088],[-0.28966,41.00542],[-0.3234,40.9828],[-0.3234,40.95211],[-0.30765,40.94241],[-0.3189,40.93757],[-0.31215,40.90041],[-0.29191,40.89556],[-0.30541,40.88102],[-0.31665,40.86325],[-0.33239,40.86163],[-0.38862,40.87133],[-0.39087,40.87617],[-0.4471,40.86971],[-0.45835,40.88102],[-0.44485,40.89071],[-0.42686,40.92141],[-0.46959,40.94726]]]}},{"type":"Feature","properties":{"name":"Alloza","layer":"municipio"},"geometry":{"type":"MultiLineString","coordinates":[[[-0.59329,40.94888],[-0.57755,40.97796],[-0.58205,40.99896],[-0.5663,40.99573],[-0.52807,41.02319],[-0.47634,41.00219],[-0.47859,40.97311],[-0.46959,40.94726],[-0.48758,40.92626],[-0.51008,40.91495],[-0.51907,40.91656],[-0.58655,40.94241],[-0.59329,40.94888]]]}},{"type":"Feature","properties":{"name":"Alfambra","layer":"municipio"},"geometry":{"type":"MultiLineString","coordinates":[[[-1.13083,40.56436],[-1.11509,40.59182],[-1.07685,40.62737],[-1.04537,40.60798],[-1.04312,40.59021],[-0.99364,40.55951],[-1.00263,40.53528],[-0.97564,40.50619],[-0.97115,40.49327],[-0.97115,40.47388],[-1.00488,40.49812],[-1.04762,40.49973],[-1.0836,40.50619],[-1.09935,40.51104],[-1.13533,40.53204],[-1.13083,40.56436]]]}},{"type":"Feature","properties":{"name":"Allueva","layer":"municipio"},"geometry":{"type":"MultiLineString","coordinates":[[[-1.07236,40.96665],[-1.05661,41.00542],[-1.00938,40.98119],[-1.00938,40.97957],[-1.02737,40.95534],[-1.06336,40.95695],[-1.07236,40.96665]]]}},{"type":"Feature","properties":{"name":"Aliaga","layer":"municipio"},"geometry":{"type":"MultiLineString","coordinates":[[[-0.77547,40.76954],[-0.73274,40.755],[-0.66302,40.75985],[-0.63828,40.75823],[-0.62028,40.75662],[-0.59329,40.75177],[-0.61803,40.71784],[-0.61354,40.7033],[-0.60454,40.68553],[-0.62028,40.67745],[-0.62253,40.65645],[-0.62703,40.63868],[-0.64727,40.61283],[-0.64952,40.59344],[-0.62928,40.57567],[-0.64727,40.55143],[-0.66302,40.55628],[-0.67426,40.58536],[-0.68776,40.59828],[-0.72149,40.59828],[-0.72149,40.63706],[-0.73049,40.64998],[-0.74174,40.64029],[-0.74623,40.65806],[-0.72824,40.65968],[-0.72824,40.68876],[-0.75523,40.70815],[-0.76648,40.75177],[-0.77547,40.76954]]]}},{"type":"Feature","properties":{"name":"Allepuz","layer":"municipio"},"geometry":{"type":"MultiLineString","coordinates":[[[-0.78672,40.50781],[-0.77772,40.52073],[-0.72824,40.51912],[-0.708,40.52397],[-0.69675,40.4965],[-0.67201,40.47711],[-0.64052,40.4658],[-0.58879,40.47065],[-0.62028,40.45449],[-0.60904,40.43511],[-0.62928,40.42057],[-0.66976,40.45611],[-0.71699,40.46903],[-0.76872,40.46096],[-0.77547,40.49165],[-0.78447,40.49812],[-0.78672,40.50781]]]}},{"type":"Feature","properties":{"name":"Arcos de las Salinas","layer":"municipio"},"geometry":{"type":"MultiLineString","coordinates":[[[-1.16457,40.0102],[-1.13533,40.01504],[-1.0836,40.03605],[-1.07236,40.0522],[-1.0836,40.07159],[-1.03412,40.08128],[-1.01388,40.06351],[-1.01163,40.04736],[-0.98689,40.02151],[-0.97564,39.97627],[-1.00263,39.98111],[-1.02512,39.97465],[-1.05661,39.98111],[-1.0881,39.96981],[-1.10609,39.97465],[-1.12633,39.96334],[-1.14208,39.97142],[-1.16457,40.0102]]]}},{"type":"Feature","properties":{"name":"Arens de Lled\u00f3","layer":"municipio"},"geometry":{"type":"MultiLineString","coordinates":[[[0.21189,40.95211],[0.20964,40.98765],[0.23663,41.01189],[0.23438,41.0345],[0.24563,41.04097],[0.27937,41.01996],[0.25912,41.01512],[0.28162,40.98765],[0.28162,40.97473],[0.22539,40.94888],[0.21189,40.95211]]]}},{"type":"Feature","properties":{"name":"B\u00e1denas","layer":"municipio"},"geometry":{"type":"MultiLineString","coordinates":[[[-1.15782,41.10398],[-1.15557,41.12821],[-1.15557,41.12983]],[[-1.10834,41.11205],[-1.0791,41.09428],[-1.10384,41.07166],[-1.14433,41.0652],[-1.14658,41.08944],[-1.15782,41.10398]]]}},{"type":"Feature","properties":{"name":"Argente","layer":"municipio"},"geometry":{"type":"MultiLineString","coordinates":[[[-1.23204,40.7243],[-1.21405,40.73561],[-1.16232,40.74369],[-1.12633,40.69522],[-1.12858,40.66937],[-1.17132,40.64998],[-1.17132,40.66291],[-1.20505,40.65806],[-1.2253,40.70007],[-1.23204,40.7243]]]}},{"type":"Feature","properties":{"name":"Ari\u00f1o","layer":"municipio"},"geometry":{"type":"MultiLineString","coordinates":[[[-0.69225,41.09913],[-0.65627,41.10559],[-0.62253,41.08459],[-0.57305,41.07651],[-0.51682,41.04581],[-0.52807,41.02319],[-0.5663,40.99573],[-0.58205,40.99896],[-0.5798,41.00865],[-0.60679,41.01027],[-0.63378,41.03612],[-0.65402,41.04581],[-0.65627,41.07166],[-0.68551,41.08944],[-0.69225,41.09913]]]}},{"type":"Feature","properties":{"name":"B\u00e1guena","layer":"municipio"},"geometry":{"type":"MultiLineString","coordinates":[[[-1.41872,41.02481],[-1.38498,41.03774],[-1.35799,41.0652],[-1.33325,41.05066],[-1.28827,41.04904],[-1.28377,41.04581],[-1.3535,41.02966],[-1.37599,41.01512],[-1.37824,40.99734],[-1.41872,41.02481]]]}},{"type":"Feature","properties":{"name":"Ba\u00f1\u00f3n","layer":"municipio"},"geometry":{"type":"MultiLineString","coordinates":[[[-1.26353,40.86971],[-1.22979,40.88587],[-1.2253,40.87617],[-1.17806,40.84548],[-1.16682,40.84548],[-1.16457,40.8067],[-1.17357,40.79378],[-1.20505,40.79378],[-1.25453,40.80993],[-1.25004,40.83093],[-1.26353,40.86971]]]}},{"type":"Feature","properties":{"name":"Belmonte de San Jos\u00e9","layer":"municipio"},"geometry":{"type":"MultiLineString","coordinates":[[[-0.10973,40.8794],[-0.08499,40.89556],[-0.08949,40.91979],[-0.02876,40.90525],[-0.02651,40.87456],[-0.03551,40.85032],[-0.076,40.85517],[-0.10973,40.8794]]]}},{"type":"Feature","properties":{"name":"Berge","layer":"municipio"},"geometry":{"type":"MultiLineString","coordinates":[[[-0.48758,40.85517],[-0.48534,40.86002],[-0.46284,40.85678],[-0.4471,40.86971],[-0.39087,40.87617],[-0.38862,40.87133],[-0.33239,40.86163],[-0.33689,40.8584],[-0.36388,40.83255],[-0.39762,40.82124],[-0.40437,40.81801],[-0.39762,40.83578],[-0.43136,40.83093],[-0.48758,40.85517]]]}},{"type":"Feature","properties":{"name":"Bezas","layer":"municipio"},"geometry":{"type":"MultiLineString","coordinates":[[[-1.31301,40.3624],[-1.30402,40.36079],[-1.30626,40.31555],[-1.31976,40.30424],[-1.32876,40.28162],[-1.35575,40.29455],[-1.36474,40.33009],[-1.35125,40.34463],[-1.31301,40.34302],[-1.31301,40.3624]]]}},{"type":"Feature","properties":{"name":"Blesa","layer":"municipio"},"geometry":{"type":"MultiLineString","coordinates":[[[-0.97115,41.02319],[-0.95765,41.04581],[-0.95765,41.07651],[-0.91267,41.09267],[-0.91492,41.10559],[-0.89018,41.12659],[-0.88343,41.14921]],[[-0.86094,41.10721],[-0.82945,41.0959],[-0.81146,41.10074],[-0.84295,41.02804],[-0.85869,41.01996],[-0.93516,41.05874],[-0.9509,41.04904],[-0.9644,41.01835],[-0.97115,41.02319]]]}},{"type":"Feature","properties":{"name":"Bord\u00f3n","layer":"municipio"},"geometry":{"type":"MultiLineString","coordinates":[[[-0.40437,40.68068],[-0.36388,40.70815],[-0.33015,40.71461],[-0.29641,40.68714],[-0.29416,40.67422],[-0.30765,40.65968],[-0.3279,40.68068],[-0.35714,40.67745],[-0.38188,40.66129],[-0.38188,40.67099],[-0.40437,40.68068]]]}},{"type":"Feature","properties":{"name":"Bue\u00f1a","layer":"municipio"},"geometry":{"type":"MultiLineString","coordinates":[[[-1.31751,40.68714],[-1.30851,40.73561],[-1.27703,40.74369],[-1.27703,40.75177],[-1.23204,40.7243],[-1.2253,40.70007],[-1.22979,40.69038],[-1.26128,40.6823],[-1.27253,40.69038],[-1.31751,40.68714]]]}},{"type":"Feature","properties":{"name":"Burb\u00e1guena","layer":"municipio"},"geometry":{"type":"MultiLineString","coordinates":[[[-1.37824,40.99734],[-1.37599,41.01512],[-1.3535,41.02966],[-1.28377,41.04581],[-1.26803,41.03127],[-1.29052,41.00704],[-1.29952,41.01027],[-1.35575,40.97957],[-1.36924,40.96019],[-1.37374,40.98119],[-1.37824,40.99734]]]}},{"type":"Feature","properties":{"name":"Cabra de Mora","layer":"municipio"},"geometry":{"type":"MultiLineString","coordinates":[[[-0.84295,40.34625],[-0.81371,40.3414],[-0.77997,40.35271],[-0.79122,40.3204],[-0.75973,40.3107],[-0.78222,40.29293],[-0.81821,40.28485],[-0.8362,40.27516],[-0.84519,40.31878],[-0.84295,40.34625]]]}},{"type":"Feature","properties":{"name":"La Ca\u00f1ada de Verich","layer":"municipio"},"geometry":{"type":"MultiLineString","coordinates":[[[-0.11873,40.83255],[-0.11873,40.86809],[-0.11198,40.8794],[-0.10973,40.8794],[-0.076,40.85517],[-0.10523,40.83417],[-0.11873,40.83255]]]}},{"type":"Feature","properties":{"name":"Calaceite","layer":"municipio"},"geometry":{"type":"MultiLineString","coordinates":[[[0.14667,40.97957],[0.12867,41.00381],[0.14892,41.04743],[0.14667,41.06359],[0.16691,41.07005],[0.22089,41.07166],[0.23438,41.0345],[0.23663,41.01189],[0.20964,40.98765],[0.21189,40.95211],[0.1804,40.96019],[0.14667,40.97957]]]}},{"type":"Feature","properties":{"name":"Calamocha","layer":"municipio"},"geometry":{"type":"MultiLineString","coordinates":[[[-1.38498,40.92464],[-1.36474,40.93757],[-1.36924,40.96019],[-1.35575,40.97957],[-1.29952,41.01027],[-1.29052,41.00704],[-1.26803,41.03127],[-1.23879,41.03127],[-1.20955,41.00704],[-1.18706,41.00704],[-1.16907,41.01673],[-1.11734,40.99734],[-1.09935,40.97634],[-1.09935,40.96342],[-1.10834,40.93272],[-1.12409,40.9101],[-1.14883,40.91818],[-1.18931,40.89394],[-1.13983,40.86325],[-1.16682,40.84548],[-1.17806,40.84548],[-1.2253,40.87617],[-1.22979,40.88587],[-1.26353,40.86971],[-1.34,40.87294],[-1.37374,40.89071],[-1.38498,40.90687],[-1.37149,40.90849],[-1.38498,40.92464]]]}},{"type":"Feature","properties":{"name":"Calanda","layer":"municipio"},"geometry":{"type":"MultiLineString","coordinates":[[[-0.30765,40.94241],[-0.3234,40.95211],[-0.3234,40.9828],[-0.28966,41.00542],[-0.26942,41.00865],[-0.22894,40.99896],[-0.17721,40.97473],[-0.16821,40.95211],[-0.17496,40.93918],[-0.15247,40.91979],[-0.14797,40.88748],[-0.16146,40.88587],[-0.21544,40.89233],[-0.21769,40.92141],[-0.26267,40.92787],[-0.27167,40.95049],[-0.30765,40.94241]]]}},{"type":"Feature","properties":{"name":"Cama\u00f1as","layer":"municipio"},"geometry":{"type":"MultiLineString","coordinates":[[[-1.2028,40.55951],[-1.18931,40.58374],[-1.19156,40.62575],[-1.18481,40.64029],[-1.17132,40.64998],[-1.12858,40.66937],[-1.0836,40.64514],[-1.07685,40.62737],[-1.11509,40.59182],[-1.13083,40.56436],[-1.16232,40.5692],[-1.2028,40.55951]]]}},{"type":"Feature","properties":{"name":"Ca\u00f1ada Vellida","layer":"municipio"},"geometry":{"type":"MultiLineString","coordinates":[[[-0.94191,40.72107],[-0.92391,40.73238],[-0.88118,40.69845],[-0.91042,40.67745],[-0.94641,40.67745],[-0.94191,40.72107]]]}},{"type":"Feature","properties":{"name":"Camarena de la Sierra","layer":"municipio"},"geometry":{"type":"MultiLineString","coordinates":[[[-1.11284,40.1556],[-1.10834,40.16045],[-1.09485,40.16045],[-1.06561,40.17661],[-1.04312,40.17822],[-1.02063,40.17822],[-1.00713,40.14914],[-0.99589,40.14752],[-1.03412,40.08128],[-1.0836,40.07159],[-1.10609,40.08775],[-1.09935,40.13298],[-1.11284,40.1556]]]}},{"type":"Feature","properties":{"name":"Camarillas","layer":"municipio"},"geometry":{"type":"MultiLineString","coordinates":[[[-0.8272,40.61767],[-0.82045,40.6516],[-0.78897,40.6516],[-0.74623,40.65806],[-0.74174,40.64029],[-0.73049,40.64998],[-0.72149,40.63706],[-0.72149,40.59828],[-0.75073,40.58374],[-0.77097,40.60152],[-0.8272,40.61767]]]}},{"type":"Feature","properties":{"name":"Caminreal","layer":"municipio"},"geometry":{"type":"MultiLineString","coordinates":[[[-1.43896,40.84548],[-1.44346,40.86002],[-1.39623,40.89233],[-1.38049,40.85517],[-1.32426,40.85032],[-1.25004,40.83093],[-1.25453,40.80993],[-1.28152,40.82286],[-1.35125,40.8374],[-1.38273,40.83255],[-1.40073,40.84709],[-1.43222,40.84224],[-1.43896,40.84548]]]}},{"type":"Feature","properties":{"name":"Cantavieja","layer":"municipio"},"geometry":{"type":"MultiLineString","coordinates":[[[-0.48983,40.53851],[-0.46959,40.55466],[-0.46059,40.56597],[-0.42236,40.58051],[-0.41111,40.5692],[-0.38188,40.55143],[-0.36613,40.55305],[-0.3234,40.54658],[-0.29641,40.56436],[-0.28966,40.54335],[-0.29641,40.53204],[-0.30765,40.5175],[-0.33914,40.50135],[-0.38188,40.46903],[-0.37963,40.45126],[-0.40212,40.46419],[-0.44935,40.4755],[-0.4516,40.50458],[-0.48983,40.53851]]]}},{"type":"Feature","properties":{"name":"Ca\u00f1ada de Benatanduz","layer":"municipio"},"geometry":{"type":"MultiLineString","coordinates":[[[-0.5663,40.59021],[-0.55956,40.59505],[-0.5663,40.61929],[-0.54381,40.61606],[-0.51232,40.59505],[-0.49883,40.59667],[-0.49208,40.57405],[-0.46959,40.55466],[-0.48983,40.53851],[-0.51008,40.55466],[-0.53482,40.54982],[-0.54606,40.57082],[-0.5663,40.59021]]]}},{"type":"Feature","properties":{"name":"Cascante del R\u00edo","layer":"municipio"},"geometry":{"type":"MultiLineString","coordinates":[[[-1.12858,40.16045],[-1.16007,40.18307],[-1.16907,40.217],[-1.12409,40.22669],[-1.10384,40.22023],[-1.0971,40.20246],[-1.10834,40.18468],[-1.10834,40.16045],[-1.11284,40.1556],[-1.12858,40.16045]]]}},{"type":"Feature","properties":{"name":"Castej\u00f3n de Tornos","layer":"municipio"},"geometry":{"type":"MultiLineString","coordinates":[[[-1.42322,41.02643],[-1.41872,41.02481],[-1.37824,40.99734],[-1.37374,40.98119],[-1.39173,40.97473],[-1.44796,40.97634],[-1.4592,41.00704],[-1.4727,41.01027]]]}},{"type":"Feature","properties":{"name":"Castel de Cabra","layer":"municipio"},"geometry":{"type":"MultiLineString","coordinates":[[[-0.76423,40.80347],[-0.73949,40.80993],[-0.73274,40.82609],[-0.6945,40.81316],[-0.67201,40.81478],[-0.64727,40.78247],[-0.64952,40.78085],[-0.65402,40.77277],[-0.71475,40.78085],[-0.73724,40.79701],[-0.76423,40.80347]]]}},{"type":"Feature","properties":{"name":"La Codo\u00f1era","layer":"municipio"},"geometry":{"type":"MultiLineString","coordinates":[[[-0.09624,40.94564],[-0.05575,40.94888],[-0.03101,40.93434],[-0.01977,40.92464],[-0.02876,40.90525],[-0.08949,40.91979],[-0.09624,40.94564]]]}},{"type":"Feature","properties":{"name":"Castelser\u00e1s","layer":"municipio"},"geometry":{"type":"MultiLineString","coordinates":[[[-0.17721,40.97473],[-0.16146,41.00381],[-0.14572,41.00219],[-0.14347,40.98442],[-0.12997,40.97957],[-0.09624,40.95372],[-0.09624,40.94564],[-0.11873,40.9408],[-0.14572,40.94726],[-0.15247,40.91979],[-0.17496,40.93918],[-0.16821,40.95211],[-0.17721,40.97473]]]}},{"type":"Feature","properties":{"name":"El Castellar","layer":"municipio"},"geometry":{"type":"MultiLineString","coordinates":[[[-0.91042,40.37694],[-0.89468,40.39795],[-0.84519,40.39472],[-0.79346,40.40602],[-0.78222,40.38179],[-0.76872,40.35756],[-0.77997,40.35271],[-0.81371,40.3414],[-0.84295,40.34625],[-0.87893,40.37533],[-0.91042,40.37694]]]}},{"type":"Feature","properties":{"name":"Castellote","layer":"municipio"},"geometry":{"type":"MultiLineString","coordinates":[[[-0.47859,40.75177],[-0.4471,40.77923],[-0.40662,40.79378],[-0.40437,40.81801],[-0.39762,40.82124],[-0.37738,40.81963],[-0.36388,40.80832],[-0.3234,40.80832],[-0.3279,40.84224],[-0.33689,40.8584],[-0.33239,40.86163],[-0.31665,40.86325],[-0.26717,40.82124],[-0.24693,40.80508],[-0.27167,40.80024],[-0.28516,40.76793],[-0.26942,40.73884],[-0.24018,40.71784],[-0.23343,40.70815],[-0.23793,40.69845],[-0.26042,40.68553],[-0.29416,40.67422],[-0.29641,40.68714],[-0.33015,40.71461],[-0.36388,40.70815],[-0.40437,40.68068],[-0.40662,40.69361],[-0.42911,40.70168],[-0.46284,40.69199],[-0.46959,40.68391],[-0.48983,40.69845],[-0.47859,40.71138],[-0.48983,40.73077],[-0.47859,40.75177]]]}},{"type":"Feature","properties":{"name":"Cedrillas","layer":"municipio"},"geometry":{"type":"MultiLineString","coordinates":[[[-0.92616,40.44965],[-0.91492,40.46257],[-0.84744,40.4755],[-0.8317,40.44642],[-0.81596,40.43672],[-0.77547,40.42703],[-0.76423,40.41249],[-0.78222,40.38179],[-0.79346,40.40602],[-0.84519,40.39472],[-0.89468,40.39795],[-0.90817,40.42703],[-0.92616,40.44965]]]}},{"type":"Feature","properties":{"name":"Cosa","layer":"municipio"},"geometry":{"type":"MultiLineString","coordinates":[[[-1.17357,40.79378],[-1.16457,40.8067],[-1.16682,40.84548],[-1.13983,40.86325],[-1.12858,40.86163],[-1.10834,40.8374],[-1.11284,40.82286],[-1.12184,40.79862],[-1.09485,40.79539],[-1.07236,40.76469],[-1.09035,40.74854],[-1.12409,40.75985],[-1.14433,40.75985],[-1.15108,40.78893],[-1.17357,40.79378]]]}},{"type":"Feature","properties":{"name":"Celadas","layer":"municipio"},"geometry":{"type":"MultiLineString","coordinates":[[[-1.20955,40.45288],[-1.2118,40.46903],[-1.2073,40.50458],[-1.18256,40.53689],[-1.2028,40.55951],[-1.16232,40.5692],[-1.13083,40.56436],[-1.13533,40.53204],[-1.09935,40.51104],[-1.10834,40.49812],[-1.10384,40.46742],[-1.11509,40.44642],[-1.13533,40.42703],[-1.15332,40.43026],[-1.19606,40.45449],[-1.20955,40.45288]]]}},{"type":"Feature","properties":{"name":"La Fresneda","layer":"municipio"},"geometry":{"type":"MultiLineString","coordinates":[[[0.02746,40.93918],[0.04546,40.9618],[0.0747,40.95857],[0.10393,40.95534],[0.10393,40.91818],[0.10393,40.90041],[0.07695,40.89556],[0.04321,40.90525],[0.02746,40.89718],[0.02746,40.93918]]]}},{"type":"Feature","properties":{"name":"Cella","layer":"municipio"},"geometry":{"type":"MultiLineString","coordinates":[[[-1.37374,40.4448],[-1.37374,40.47711],[-1.36474,40.50296],[-1.35125,40.51104],[-1.29502,40.52073],[-1.29502,40.50943],[-1.27703,40.48519],[-1.25453,40.48681],[-1.2073,40.50458],[-1.2118,40.46903],[-1.20955,40.45288],[-1.23204,40.44157],[-1.26128,40.41249],[-1.25903,40.37694],[-1.27928,40.35109],[-1.28827,40.35756],[-1.26803,40.37856],[-1.27928,40.38017],[-1.27478,40.39633],[-1.30402,40.41572],[-1.37374,40.4448]]]}},{"type":"Feature","properties":{"name":"La Cerollera","layer":"municipio"},"geometry":{"type":"MultiLineString","coordinates":[[[-0.13222,40.79216],[-0.11873,40.83255],[-0.10523,40.83417],[-0.076,40.85517],[-0.03551,40.85032],[-0.02651,40.83417],[-0.04676,40.82447],[-0.06925,40.80185],[-0.11198,40.79862],[-0.11648,40.79216],[-0.13222,40.79216]]]}},{"type":"Feature","properties":{"name":"Corbal\u00e1n","layer":"municipio"},"geometry":{"type":"MultiLineString","coordinates":[[[-1.01838,40.42703],[-0.98914,40.44318],[-0.96215,40.44157],[-0.94191,40.44965],[-0.92616,40.44965],[-0.90817,40.42703],[-0.89468,40.39795],[-0.91042,40.37694],[-0.91042,40.36563],[-0.94865,40.35432],[-0.9554,40.35271],[-0.98014,40.37533],[-1.00713,40.37694],[-1.03637,40.38664],[-1.01838,40.42703]]]}},{"type":"Feature","properties":{"name":"Cortes de Arag\u00f3n","layer":"municipio"},"geometry":{"type":"MultiLineString","coordinates":[[[-0.86319,40.97796],[-0.84744,40.98119],[-0.81371,41.0135],[-0.79122,40.9925],[-0.78447,40.97473],[-0.81371,40.95211],[-0.84969,40.95857],[-0.86319,40.97796]]]}},{"type":"Feature","properties":{"name":"Cretas","layer":"municipio"},"geometry":{"type":"MultiLineString","coordinates":[[[0.11518,40.98119],[0.14667,40.97957],[0.1804,40.96019],[0.21189,40.95211],[0.22539,40.94888],[0.25463,40.91979],[0.25013,40.89556],[0.23888,40.88425],[0.25463,40.86971],[0.22314,40.86163],[0.20065,40.88587],[0.1984,40.90849],[0.17366,40.92464],[0.17591,40.93434],[0.15566,40.95372],[0.16016,40.96019],[0.11968,40.97311],[0.11518,40.98119]]]}},{"type":"Feature","properties":{"name":"Crivill\u00e9n","layer":"municipio"},"geometry":{"type":"MultiLineString","coordinates":[[[-0.60004,40.8584],[-0.61354,40.89233],[-0.58879,40.90525],[-0.58655,40.94241],[-0.51907,40.91656],[-0.55956,40.85355],[-0.60004,40.8584]]]}},{"type":"Feature","properties":{"name":"La Cuba","layer":"municipio"},"geometry":{"type":"MultiLineString","coordinates":[[[-0.29641,40.56597],[-0.3099,40.57728],[-0.31665,40.5999],[-0.29416,40.61121],[-0.29416,40.58374],[-0.29641,40.56597]]]}},{"type":"Feature","properties":{"name":"Cuevas de Almud\u00e9n","layer":"municipio"},"geometry":{"type":"MultiLineString","coordinates":[[[-0.86544,40.69522],[-0.8362,40.74692],[-0.81146,40.76954],[-0.79571,40.76954],[-0.77547,40.76954],[-0.76648,40.75177],[-0.79796,40.73238],[-0.82495,40.69361],[-0.84744,40.67907],[-0.86544,40.69522]]]}},{"type":"Feature","properties":{"name":"Cubla","layer":"municipio"},"geometry":{"type":"MultiLineString","coordinates":[[[-1.12409,40.22669],[-1.11734,40.25416],[-1.06561,40.24285],[-1.04087,40.22669],[-1.01613,40.23154],[-1.00488,40.21215],[-1.02063,40.17822],[-1.04312,40.17822],[-1.05886,40.18953],[-1.0971,40.20246],[-1.10384,40.22023],[-1.12409,40.22669]]]}},{"type":"Feature","properties":{"name":"Cucal\u00f3n","layer":"municipio"},"geometry":{"type":"MultiLineString","coordinates":[[[-1.25678,41.0862],[-1.22755,41.10398],[-1.18706,41.08944],[-1.15782,41.10398],[-1.14658,41.08944],[-1.14433,41.0652],[-1.14883,41.05712],[-1.16232,41.05389],[-1.17582,41.06197],[-1.20505,41.05874],[-1.23429,41.07974],[-1.25229,41.07813],[-1.25678,41.0862]]]}},{"type":"Feature","properties":{"name":"El Cuervo","layer":"municipio"},"geometry":{"type":"MultiLineString","coordinates":[[[-1.38498,40.13783],[-1.37374,40.1653],[-1.34675,40.17661],[-1.32201,40.18468],[-1.31976,40.14591],[-1.3535,40.12975],[-1.38498,40.13783]]]}},{"type":"Feature","properties":{"name":"Cuevas Labradas","layer":"municipio"},"geometry":{"type":"MultiLineString","coordinates":[[[-1.07236,40.49165],[-1.04537,40.47873],[-1.04087,40.46903],[-1.01388,40.46742],[-0.98914,40.45773],[-0.9689,40.47227],[-0.94191,40.44965],[-0.96215,40.44157],[-0.98914,40.44318],[-1.01838,40.42703],[-1.05436,40.43995],[-1.08585,40.46419],[-1.07236,40.49165]]]}},{"type":"Feature","properties":{"name":"Formiche Alto","layer":"municipio"},"geometry":{"type":"MultiLineString","coordinates":[[[-0.94865,40.35432],[-0.91042,40.36563],[-0.91042,40.37694],[-0.87893,40.37533],[-0.84295,40.34625],[-0.84519,40.31878],[-0.8362,40.27516],[-0.85644,40.26547],[-0.88793,40.27677],[-0.91042,40.30101],[-0.94191,40.31878],[-0.94865,40.35432]]]}},{"type":"Feature","properties":{"name":"Ejulve","layer":"municipio"},"geometry":{"type":"MultiLineString","coordinates":[[[-0.62028,40.75662],[-0.58205,40.76954],[-0.60229,40.77923],[-0.60454,40.79216],[-0.56855,40.80993],[-0.55731,40.82286],[-0.51907,40.81155],[-0.47859,40.75177],[-0.48983,40.73077],[-0.47859,40.71138],[-0.53257,40.69038],[-0.56181,40.68876],[-0.54831,40.71299],[-0.5798,40.71461],[-0.60229,40.72592],[-0.61354,40.7033],[-0.61803,40.71784],[-0.59329,40.75177],[-0.62028,40.75662]]]}},{"type":"Feature","properties":{"name":"F\u00f3rnoles","layer":"municipio"},"geometry":{"type":"MultiLineString","coordinates":[[[-0.03551,40.85032],[-0.02651,40.87456],[-0.02876,40.90525],[-0.01977,40.92464],[0.02746,40.93918],[0.02746,40.89718],[0.02297,40.88425],[-0.03551,40.85032]]]}},{"type":"Feature","properties":{"name":"Escorihuela","layer":"municipio"},"geometry":{"type":"MultiLineString","coordinates":[[[-0.99364,40.55951],[-0.98689,40.56597],[-0.93516,40.56759],[-0.91267,40.56274],[-0.90817,40.54497],[-0.91492,40.53689],[-0.91492,40.4965],[-0.91042,40.48842],[-0.93741,40.48519],[-0.97115,40.49327],[-0.97564,40.50619],[-1.00263,40.53528],[-0.99364,40.55951]]]}},{"type":"Feature","properties":{"name":"Escucha","layer":"municipio"},"geometry":{"type":"MultiLineString","coordinates":[[[-0.92166,40.77439],[-0.89468,40.80185],[-0.8317,40.77116],[-0.81596,40.81316],[-0.78447,40.80508],[-0.78897,40.78085],[-0.79571,40.76954],[-0.81146,40.76954],[-0.8362,40.74692],[-0.90142,40.75662],[-0.92166,40.77439]]]}},{"type":"Feature","properties":{"name":"Estercuel","layer":"municipio"},"geometry":{"type":"MultiLineString","coordinates":[[[-0.66526,40.86809],[-0.65627,40.89718],[-0.63603,40.90849],[-0.63378,40.93434],[-0.59329,40.94888],[-0.58655,40.94241],[-0.58879,40.90525],[-0.61354,40.89233],[-0.60004,40.8584],[-0.61578,40.82932],[-0.66302,40.83255],[-0.67201,40.85032],[-0.66526,40.86809]]]}},{"type":"Feature","properties":{"name":"Ferreruela de Huerva","layer":"municipio"},"geometry":{"type":"MultiLineString","coordinates":[[[-1.28827,41.04904],[-1.28152,41.05551],[-1.27028,41.05551],[-1.25229,41.07813],[-1.23429,41.07974],[-1.20505,41.05874],[-1.23879,41.03127],[-1.26803,41.03127],[-1.28377,41.04581],[-1.28827,41.04904]]]}},{"type":"Feature","properties":{"name":"Fonfr\u00eda","layer":"municipio"},"geometry":{"type":"MultiLineString","coordinates":[[[-1.11734,40.99734],[-1.0971,41.02481],[-1.05661,41.00542],[-1.07236,40.96665],[-1.09935,40.96342],[-1.09935,40.97634],[-1.11734,40.99734]]]}},{"type":"Feature","properties":{"name":"Fortanete","layer":"municipio"},"geometry":{"type":"MultiLineString","coordinates":[[[-0.62928,40.57567],[-0.5663,40.59021],[-0.54606,40.57082],[-0.53482,40.54982],[-0.51008,40.55466],[-0.48983,40.53851],[-0.4516,40.50458],[-0.44935,40.4755],[-0.50558,40.42864],[-0.54381,40.4238],[-0.58879,40.47065],[-0.61129,40.50619],[-0.61129,40.54335],[-0.62928,40.57567]]]}},{"type":"Feature","properties":{"name":"Foz-Calanda","layer":"municipio"},"geometry":{"type":"MultiLineString","coordinates":[[[-0.30765,40.94241],[-0.27167,40.95049],[-0.26267,40.92787],[-0.21769,40.92141],[-0.21544,40.89233],[-0.23343,40.89071],[-0.29191,40.89556],[-0.31215,40.90041],[-0.3189,40.93757],[-0.30765,40.94241]]]}},{"type":"Feature","properties":{"name":"Fuenferrada","layer":"municipio"},"geometry":{"type":"MultiLineString","coordinates":[[[-1.04762,40.85517],[-1.04537,40.88102],[-1.03187,40.88748],[-0.97789,40.8794],[-0.97115,40.85194],[-1.00038,40.85355],[-1.04087,40.84224],[-1.04762,40.85517]]]}},{"type":"Feature","properties":{"name":"Fuentes Calientes","layer":"municipio"},"geometry":{"type":"MultiLineString","coordinates":[[[-1.02063,40.6823],[-1.01838,40.69038],[-0.97789,40.71299],[-0.94191,40.72107],[-0.94641,40.67745],[-0.97115,40.66291],[-1.00488,40.66614],[-1.02063,40.6823]]]}},{"type":"Feature","properties":{"name":"Fuentes Claras","layer":"municipio"},"geometry":{"type":"MultiLineString","coordinates":[[[-1.39623,40.89233],[-1.38498,40.90687],[-1.37374,40.89071],[-1.34,40.87294],[-1.26353,40.86971],[-1.25004,40.83093],[-1.32426,40.85032],[-1.38049,40.85517],[-1.39623,40.89233]]]}},{"type":"Feature","properties":{"name":"Gargallo","layer":"municipio"},"geometry":{"type":"MultiLineString","coordinates":[[[-0.61803,40.80024],[-0.61578,40.82932],[-0.60004,40.8584],[-0.55956,40.85355],[-0.54606,40.84386],[-0.55731,40.82286],[-0.56855,40.80993],[-0.60454,40.79216],[-0.61803,40.80024]]]}},{"type":"Feature","properties":{"name":"Fuentes de Rubielos","layer":"municipio"},"geometry":{"type":"MultiLineString","coordinates":[[[-0.63378,40.14591],[-0.65177,40.15883],[-0.64952,40.17984],[-0.59779,40.20407],[-0.57305,40.18145],[-0.5708,40.1556],[-0.5798,40.13783],[-0.60904,40.12491],[-0.61578,40.14268],[-0.63378,40.14591]]]}},{"type":"Feature","properties":{"name":"Hinojosa de Jarque","layer":"municipio"},"geometry":{"type":"MultiLineString","coordinates":[[[-0.82495,40.65806],[-0.81146,40.66937],[-0.78672,40.70168],[-0.75523,40.70815],[-0.72824,40.68876],[-0.72824,40.65968],[-0.74623,40.65806],[-0.78897,40.6516],[-0.82045,40.6516],[-0.82495,40.65806]]]}},{"type":"Feature","properties":{"name":"Fuentespalda","layer":"municipio"},"geometry":{"type":"MultiLineString","coordinates":[[[0.02971,40.82447],[0.04096,40.84224],[0.06795,40.85355],[0.07245,40.86486],[0.08819,40.85032],[0.09494,40.82609],[0.12418,40.80185],[0.11068,40.79701],[0.09494,40.79054],[0.07695,40.79862],[0.03646,40.78247],[0.03196,40.79539],[0.03871,40.81801],[0.02971,40.82447]]]}},{"type":"Feature","properties":{"name":"Galve","layer":"municipio"},"geometry":{"type":"MultiLineString","coordinates":[[[-0.91042,40.67745],[-0.88118,40.69845],[-0.86544,40.69522],[-0.84744,40.67907],[-0.82495,40.65806],[-0.82045,40.6516],[-0.8272,40.61767],[-0.87443,40.59344],[-0.87893,40.59667],[-0.90367,40.61444],[-0.91492,40.63221],[-0.91042,40.67745]]]}},{"type":"Feature","properties":{"name":"Gea de Albarrac\u00edn","layer":"municipio"},"geometry":{"type":"MultiLineString","coordinates":[[[-1.37374,40.4448],[-1.30402,40.41572],[-1.27478,40.39633],[-1.27928,40.38017],[-1.30402,40.36079],[-1.31301,40.3624],[-1.36474,40.36079],[-1.38273,40.37533],[-1.40073,40.40118],[-1.38498,40.41572],[-1.35799,40.41249],[-1.37374,40.4448]]]}},{"type":"Feature","properties":{"name":"La Hoz de la Vieja","layer":"municipio"},"geometry":{"type":"MultiLineString","coordinates":[[[-0.89018,40.9311],[-0.89018,40.94564],[-0.84969,40.95857],[-0.81371,40.95211],[-0.79122,40.92464],[-0.80246,40.89879],[-0.82495,40.89233],[-0.84969,40.89556],[-0.87218,40.9101],[-0.89018,40.9311]]]}},{"type":"Feature","properties":{"name":"La Ginebrosa","layer":"municipio"},"geometry":{"type":"MultiLineString","coordinates":[[[-0.30541,40.88102],[-0.29191,40.89556],[-0.23343,40.89071],[-0.21544,40.89233],[-0.16146,40.88587],[-0.14797,40.88748],[-0.11198,40.8794],[-0.11873,40.86809],[-0.11873,40.83255],[-0.13222,40.79216],[-0.14347,40.7857],[-0.16371,40.79862],[-0.15921,40.8067],[-0.17945,40.84063],[-0.21094,40.86325],[-0.21769,40.85194],[-0.30541,40.88102]]]}},{"type":"Feature","properties":{"name":"Jarque de la Val","layer":"municipio"},"geometry":{"type":"MultiLineString","coordinates":[[[-0.84744,40.67907],[-0.82495,40.69361],[-0.79796,40.73238],[-0.76648,40.75177],[-0.75523,40.70815],[-0.78672,40.70168],[-0.81146,40.66937],[-0.82495,40.65806],[-0.84744,40.67907]]]}},{"type":"Feature","properties":{"name":"G\u00fadar","layer":"municipio"},"geometry":{"type":"MultiLineString","coordinates":[[[-0.76872,40.46096],[-0.71699,40.46903],[-0.66976,40.45611],[-0.62928,40.42057],[-0.63378,40.40118],[-0.64952,40.38825],[-0.68776,40.40118],[-0.7035,40.4141],[-0.73724,40.4141],[-0.76872,40.45288],[-0.76872,40.46096]]]}},{"type":"Feature","properties":{"name":"H\u00edjar","layer":"municipio"},"geometry":{"type":"MultiLineString","coordinates":[[[-0.32565,41.10721],[-0.3099,41.10074],[-0.29191,41.0959],[-0.3234,41.09267],[-0.34364,41.06197],[-0.34364,41.03289],[-0.38862,41.05712],[-0.42011,41.08297],[-0.44935,41.08782],[-0.46059,41.10074],[-0.45835,41.11529],[-0.43361,41.1379]]]}},{"type":"Feature","properties":{"name":"Lagueruela","layer":"municipio"},"geometry":{"type":"MultiLineString","coordinates":[[[-1.23879,41.03127],[-1.20505,41.05874],[-1.17582,41.06197],[-1.16232,41.05389],[-1.16907,41.01673],[-1.18706,41.00704],[-1.20955,41.00704],[-1.23879,41.03127]]]}},{"type":"Feature","properties":{"name":"Huesa del Com\u00fan","layer":"municipio"},"geometry":{"type":"MultiLineString","coordinates":[[[-1.05661,41.00542],[-1.04312,41.01835],[-0.97115,41.02319],[-0.9644,41.01835],[-0.9509,41.04904],[-0.93516,41.05874],[-0.85869,41.01996],[-0.88343,40.99088],[-0.91042,40.99734],[-0.92391,40.97957],[-0.93966,40.99734],[-0.9689,41.0135],[-1.00038,40.99573],[-1.00938,40.98119],[-1.05661,41.00542],[-1.05661,41.00542]]]}},{"type":"Feature","properties":{"name":"La Iglesuela del Cid","layer":"municipio"},"geometry":{"type":"MultiLineString","coordinates":[[[-0.37963,40.45126],[-0.38188,40.46903],[-0.33914,40.50135],[-0.30765,40.5175],[-0.29641,40.53204],[-0.29866,40.50619],[-0.28741,40.50943],[-0.27167,40.47873],[-0.29416,40.4658],[-0.33464,40.45773],[-0.34589,40.44318],[-0.37963,40.45126]]]}},{"type":"Feature","properties":{"name":"Jabaloyas","layer":"municipio"},"geometry":{"type":"MultiLineString","coordinates":[[[-1.43446,40.20084],[-1.4592,40.20246],[-1.47495,40.21377]],[[-1.46145,40.24446],[-1.44571,40.26547],[-1.38498,40.2687],[-1.36024,40.24769],[-1.35799,40.22669],[-1.38049,40.21215],[-1.43446,40.20084]]]}},{"type":"Feature","properties":{"name":"Jorcas","layer":"municipio"},"geometry":{"type":"MultiLineString","coordinates":[[[-0.78447,40.56597],[-0.75073,40.58374],[-0.72374,40.53689],[-0.708,40.5272],[-0.708,40.52397],[-0.72824,40.51912],[-0.77772,40.52073],[-0.77097,40.54012],[-0.78447,40.56597]]]}},{"type":"Feature","properties":{"name":"Josa","layer":"municipio"},"geometry":{"type":"MultiLineString","coordinates":[[[-0.81371,40.95211],[-0.78447,40.97473],[-0.79122,40.9925],[-0.75973,40.99411],[-0.75973,40.97634],[-0.74398,40.96988],[-0.74623,40.94403],[-0.77322,40.92464],[-0.79122,40.92464],[-0.81371,40.95211]]]}},{"type":"Feature","properties":{"name":"Libros","layer":"municipio"},"geometry":{"type":"MultiLineString","coordinates":[[[-1.25004,40.12329],[-1.24329,40.14591],[-1.23429,40.17984],[-1.2253,40.1863],[-1.15557,40.13945],[-1.17582,40.12652],[-1.18256,40.13137],[-1.20056,40.11037],[-1.24554,40.11683],[-1.25004,40.12329]]]}},{"type":"Feature","properties":{"name":"Mazale\u00f3n","layer":"municipio"},"geometry":{"type":"MultiLineString","coordinates":[[[0.02522,41.00865],[0.02072,41.03935],[0.02746,41.04097],[0.03646,41.04581],[0.0522,41.05551],[0.0567,41.07489],[0.07919,41.07974],[0.11968,41.07651],[0.14667,41.06359],[0.14892,41.04743],[0.12867,41.00381],[0.14667,40.97957],[0.11518,40.98119],[0.0522,40.99734],[0.02522,41.00865]]]}},{"type":"Feature","properties":{"name":"Lid\u00f3n","layer":"municipio"},"geometry":{"type":"MultiLineString","coordinates":[[[-1.16232,40.74369],[-1.14433,40.75985],[-1.12409,40.75985],[-1.09035,40.74854],[-1.04986,40.71784],[-1.12633,40.69522],[-1.16232,40.74369]]]}},{"type":"Feature","properties":{"name":"Linares de Mora","layer":"municipio"},"geometry":{"type":"MultiLineString","coordinates":[[[-0.63828,40.31555],[-0.63378,40.33009],[-0.62028,40.3624],[-0.58879,40.37856],[-0.55731,40.38502],[-0.53931,40.3721],[-0.51457,40.33978],[-0.49433,40.3204],[-0.51457,40.27516],[-0.49433,40.25254],[-0.50108,40.23315],[-0.51008,40.23154],[-0.54381,40.25092],[-0.54831,40.24446],[-0.58879,40.27031],[-0.57305,40.2897],[-0.58655,40.30262],[-0.63828,40.31555]]]}},{"type":"Feature","properties":{"name":"Loscos","layer":"municipio"},"geometry":{"type":"MultiLineString","coordinates":[[[-1.14883,41.05712],[-1.14433,41.0652],[-1.10384,41.07166],[-1.0791,41.09428],[-1.05886,41.11044],[-1.00038,41.11529],[-0.98914,41.09105],[-1.04087,41.06843],[-1.04986,41.04904],[-1.04312,41.01835],[-1.05661,41.00542],[-1.0971,41.02481],[-1.14883,41.05712]]]}},{"type":"Feature","properties":{"name":"Lled\u00f3","layer":"municipio"},"geometry":{"type":"MultiLineString","coordinates":[[[0.22539,40.94888],[0.28162,40.97473],[0.27487,40.93595],[0.25463,40.91979],[0.22539,40.94888]]]}},{"type":"Feature","properties":{"name":"Manzanera","layer":"municipio"},"geometry":{"type":"MultiLineString","coordinates":[[[-0.96665,40.05867],[-0.93966,40.07644],[-0.87443,40.09744],[-0.81596,40.09421],[-0.79796,40.06836],[-0.76198,40.04089],[-0.76872,40.00858],[-0.79122,39.98919],[-0.83395,39.9795],[-0.84519,39.95365],[-0.89692,39.98111],[-0.91942,40.00212],[-0.92841,40.0312],[-0.9689,40.04736],[-0.96665,40.05867]]]}},{"type":"Feature","properties":{"name":"Mezquita de Jarque","layer":"municipio"},"geometry":{"type":"MultiLineString","coordinates":[[[-0.92391,40.73238],[-0.90142,40.75662],[-0.8362,40.74692],[-0.86544,40.69522],[-0.88118,40.69845],[-0.92391,40.73238]]]}},{"type":"Feature","properties":{"name":"Mart\u00edn del R\u00edo","layer":"municipio"},"geometry":{"type":"MultiLineString","coordinates":[[[-0.9644,40.85355],[-0.93291,40.84871],[-0.90367,40.87456],[-0.86993,40.86971],[-0.84969,40.86002],[-0.84744,40.8277],[-0.90817,40.81639],[-0.91717,40.8067],[-0.93066,40.81478],[-0.94416,40.79862],[-0.96215,40.79701],[-0.97789,40.82447],[-0.9644,40.85355]]]}},{"type":"Feature","properties":{"name":"Mas de las Matas","layer":"municipio"},"geometry":{"type":"MultiLineString","coordinates":[[[-0.31665,40.86325],[-0.30541,40.88102],[-0.21769,40.85194],[-0.23568,40.8277],[-0.26717,40.82124],[-0.31665,40.86325]]]}},{"type":"Feature","properties":{"name":"Mirambel","layer":"municipio"},"geometry":{"type":"MultiLineString","coordinates":[[[-0.42236,40.58051],[-0.40212,40.59182],[-0.34814,40.60152],[-0.34364,40.60636],[-0.32115,40.60313],[-0.29866,40.61283],[-0.29416,40.61121],[-0.31665,40.5999],[-0.3099,40.57728],[-0.29641,40.56597],[-0.29641,40.56436],[-0.3234,40.54658],[-0.36613,40.55305],[-0.38188,40.55143],[-0.41111,40.5692],[-0.42236,40.58051]]]}},{"type":"Feature","properties":{"name":"Miravete de la Sierra","layer":"municipio"},"geometry":{"type":"MultiLineString","coordinates":[[[-0.75073,40.58374],[-0.72149,40.59828],[-0.68776,40.59828],[-0.67426,40.58536],[-0.66302,40.55628],[-0.67426,40.53204],[-0.699,40.54012],[-0.708,40.5272],[-0.72374,40.53689],[-0.75073,40.58374]]]}},{"type":"Feature","properties":{"name":"Molinos","layer":"municipio"},"geometry":{"type":"MultiLineString","coordinates":[[[-0.55731,40.82286],[-0.54606,40.84386],[-0.52582,40.85355],[-0.48758,40.85517],[-0.43136,40.83093],[-0.39762,40.83578],[-0.40437,40.81801],[-0.40662,40.79378],[-0.4471,40.77923],[-0.47859,40.75177],[-0.51907,40.81155],[-0.55731,40.82286]]]}},{"type":"Feature","properties":{"name":"Monforte de Moyuela","layer":"municipio"},"geometry":{"type":"MultiLineString","coordinates":[[[-1.04312,41.01835],[-1.04986,41.04904],[-1.04087,41.06843],[-0.98914,41.09105],[-0.95765,41.07651],[-0.95765,41.04581],[-0.97115,41.02319],[-1.04312,41.01835]]]}},{"type":"Feature","properties":{"name":"Peracense","layer":"municipio"},"geometry":{"type":"MultiLineString","coordinates":[[[-1.45696,40.67583],[-1.43896,40.68391],[-1.41422,40.64514],[-1.41647,40.64029],[-1.4682,40.61606],[-1.49069,40.62898]]]}},{"type":"Feature","properties":{"name":"Monreal del Campo","layer":"municipio"},"geometry":{"type":"MultiLineString","coordinates":[[[-1.42997,40.7857],[-1.41872,40.79378],[-1.41197,40.81801],[-1.36024,40.80832],[-1.34,40.81801],[-1.32201,40.80024],[-1.27028,40.776],[-1.27703,40.75177],[-1.27703,40.74369],[-1.30851,40.73561],[-1.32426,40.73077],[-1.349,40.73723],[-1.39173,40.73884],[-1.42772,40.77439],[-1.42997,40.7857]]]}},{"type":"Feature","properties":{"name":"Montalb\u00e1n","layer":"municipio"},"geometry":{"type":"MultiLineString","coordinates":[[[-0.86993,40.86971],[-0.85644,40.87617],[-0.84969,40.89556],[-0.82495,40.89233],[-0.80246,40.89879],[-0.78672,40.89879],[-0.76423,40.87779],[-0.73949,40.87617],[-0.75073,40.86809],[-0.73274,40.82609],[-0.73949,40.80993],[-0.76423,40.80347],[-0.78897,40.78085],[-0.78447,40.80508],[-0.81596,40.81316],[-0.84744,40.8277],[-0.84969,40.86002],[-0.86993,40.86971]]]}},{"type":"Feature","properties":{"name":"Monroyo","layer":"municipio"},"geometry":{"type":"MultiLineString","coordinates":[[[-0.11648,40.79216],[-0.11198,40.79862],[-0.06925,40.80185],[-0.04676,40.82447],[-0.02651,40.83417],[0.00497,40.81316],[0.02971,40.82447],[0.03871,40.81801],[0.03196,40.79539],[0.03646,40.78247],[0.01172,40.755],[-0.00852,40.75338],[-0.01752,40.73077],[-0.04451,40.72592],[-0.05575,40.75662],[-0.09174,40.7857],[-0.11648,40.79216]]]}},{"type":"Feature","properties":{"name":"Monteagudo del Castillo","layer":"municipio"},"geometry":{"type":"MultiLineString","coordinates":[[[-0.84744,40.4755],[-0.82045,40.4965],[-0.78447,40.49812],[-0.77547,40.49165],[-0.76872,40.46096],[-0.76872,40.45288],[-0.73724,40.4141],[-0.76423,40.41249],[-0.77547,40.42703],[-0.81596,40.43672],[-0.8317,40.44642],[-0.84744,40.4755]]]}},{"type":"Feature","properties":{"name":"Monterde de Albarrac\u00edn","layer":"municipio"},"geometry":{"type":"MultiLineString","coordinates":[[[-1.44121,40.51266],[-1.43222,40.4965],[-1.44121,40.47711],[-1.4592,40.47873],[-1.47495,40.46419]]]}},{"type":"Feature","properties":{"name":"Mosqueruela","layer":"municipio"},"geometry":{"type":"MultiLineString","coordinates":[[[-0.55731,40.38502],[-0.60229,40.40602],[-0.54381,40.4238],[-0.50558,40.42864],[-0.44935,40.4755],[-0.40212,40.46419],[-0.37963,40.45126],[-0.34589,40.44318],[-0.33239,40.42541],[-0.30765,40.40926],[-0.28291,40.38341],[-0.28067,40.36887],[-0.31215,40.35917],[-0.37738,40.30424],[-0.39087,40.30586],[-0.41111,40.32686],[-0.42911,40.32686],[-0.45835,40.35432],[-0.48084,40.35432],[-0.51457,40.33978],[-0.53931,40.3721],[-0.55731,40.38502]]]}},{"type":"Feature","properties":{"name":"Plou","layer":"municipio"},"geometry":{"type":"MultiLineString","coordinates":[[[-0.88343,40.99088],[-0.85869,41.01996],[-0.84295,41.02804],[-0.81371,41.0135],[-0.84744,40.98119],[-0.86319,40.97796],[-0.88343,40.99088]]]}},{"type":"Feature","properties":{"name":"Mora de Rubielos","layer":"municipio"},"geometry":{"type":"MultiLineString","coordinates":[[[-0.81821,40.28485],[-0.78222,40.29293],[-0.75973,40.3107],[-0.73049,40.34302],[-0.7125,40.34625],[-0.67426,40.31555],[-0.66077,40.28647],[-0.67201,40.25577],[-0.69225,40.22669],[-0.7125,40.217],[-0.70575,40.14914],[-0.71699,40.14106],[-0.72824,40.14106],[-0.74848,40.14914],[-0.77997,40.16853],[-0.77097,40.1863],[-0.79346,40.22184],[-0.79346,40.25092],[-0.81821,40.28485]]]}},{"type":"Feature","properties":{"name":"Muniesa","layer":"municipio"},"geometry":{"type":"MultiLineString","coordinates":[[[-0.84295,41.02804],[-0.81146,41.10074],[-0.78897,41.10721],[-0.78447,41.13629]],[[-0.71475,41.12498],[-0.6945,41.11205],[-0.69225,41.09913],[-0.68551,41.08944],[-0.71924,41.07651],[-0.72599,41.06359],[-0.75298,41.04904],[-0.74398,41.02966],[-0.75073,41.02804],[-0.74398,40.99573],[-0.75973,40.99411],[-0.79122,40.9925],[-0.81371,41.0135],[-0.84295,41.02804]]]}},{"type":"Feature","properties":{"name":"Nogueras","layer":"municipio"},"geometry":{"type":"MultiLineString","coordinates":[[[-1.05436,41.11852],[-1.06786,41.11852],[-1.09935,41.14275]]]}},{"type":"Feature","properties":{"name":"Nogueruelas","layer":"municipio"},"geometry":{"type":"MultiLineString","coordinates":[[[-0.69225,40.22669],[-0.67201,40.25577],[-0.66077,40.28647],[-0.67426,40.31555],[-0.64952,40.30909],[-0.63828,40.31555],[-0.58655,40.30262],[-0.57305,40.2897],[-0.58879,40.27031],[-0.54831,40.24446],[-0.56181,40.18953],[-0.57305,40.18145],[-0.59779,40.20407],[-0.60454,40.21861],[-0.69225,40.22669]]]}},{"type":"Feature","properties":{"name":"Ob\u00f3n","layer":"municipio"},"geometry":{"type":"MultiLineString","coordinates":[[[-0.80246,40.89879],[-0.79122,40.92464],[-0.77322,40.92464],[-0.74623,40.94403],[-0.74623,40.93434],[-0.70125,40.9311],[-0.67201,40.92141],[-0.65627,40.89718],[-0.66526,40.86809],[-0.7125,40.86971],[-0.73949,40.87617],[-0.76423,40.87779],[-0.78672,40.89879],[-0.80246,40.89879]]]}},{"type":"Feature","properties":{"name":"Ojos Negros","layer":"municipio"},"geometry":{"type":"MultiLineString","coordinates":[[[-1.42772,40.77439],[-1.39173,40.73884],[-1.40748,40.7033],[-1.43222,40.69522],[-1.43446,40.70168],[-1.49069,40.70976]]]}},{"type":"Feature","properties":{"name":"Olba","layer":"municipio"},"geometry":{"type":"MultiLineString","coordinates":[[[-0.67426,40.12814],[-0.65852,40.14106],[-0.63378,40.14591],[-0.61578,40.14268],[-0.60904,40.12491],[-0.62928,40.10229],[-0.67651,40.10875],[-0.67426,40.12814]]]}},{"type":"Feature","properties":{"name":"Las Parras de Castellote","layer":"municipio"},"geometry":{"type":"MultiLineString","coordinates":[[[-0.24693,40.80508],[-0.19745,40.78408],[-0.21319,40.75823],[-0.22444,40.75338],[-0.24018,40.71784],[-0.26942,40.73884],[-0.28516,40.76793],[-0.27167,40.80024],[-0.24693,40.80508]]]}},{"type":"Feature","properties":{"name":"Oliete","layer":"municipio"},"geometry":{"type":"MultiLineString","coordinates":[[[-0.74398,41.02966],[-0.70125,41.01027],[-0.67876,41.0135],[-0.65402,41.04581],[-0.63378,41.03612],[-0.60679,41.01027],[-0.5798,41.00865],[-0.58205,40.99896],[-0.57755,40.97796],[-0.59329,40.94888],[-0.63378,40.93434],[-0.65627,40.95049],[-0.66077,40.96988],[-0.67651,40.97957],[-0.74398,40.99573],[-0.75073,41.02804],[-0.74398,41.02966]]]}},{"type":"Feature","properties":{"name":"Los Olmos","layer":"municipio"},"geometry":{"type":"MultiLineString","coordinates":[[[-0.51008,40.91495],[-0.48758,40.92626],[-0.46959,40.94726],[-0.42686,40.92141],[-0.44485,40.89071],[-0.45835,40.88102],[-0.4471,40.86971],[-0.46284,40.85678],[-0.48534,40.86002],[-0.50108,40.86809],[-0.51457,40.89556],[-0.51008,40.91495]]]}},{"type":"Feature","properties":{"name":"Orrios","layer":"municipio"},"geometry":{"type":"MultiLineString","coordinates":[[[-1.04537,40.60798],[-1.02063,40.59828],[-0.98689,40.60313],[-0.94641,40.58859],[-0.90367,40.60152],[-0.87893,40.59667],[-0.87443,40.59344],[-0.89018,40.57405],[-0.91267,40.56274],[-0.93516,40.56759],[-0.98689,40.56597],[-0.99364,40.55951],[-1.04312,40.59021],[-1.04537,40.60798]]]}},{"type":"Feature","properties":{"name":"Palomar de Arroyos","layer":"municipio"},"geometry":{"type":"MultiLineString","coordinates":[[[-0.79571,40.76954],[-0.78897,40.78085],[-0.76423,40.80347],[-0.73724,40.79701],[-0.71475,40.78085],[-0.65402,40.77277],[-0.66302,40.75985],[-0.73274,40.755],[-0.77547,40.76954],[-0.79571,40.76954]]]}},{"type":"Feature","properties":{"name":"Pancrudo","layer":"municipio"},"geometry":{"type":"MultiLineString","coordinates":[[[-1.09035,40.74854],[-1.07236,40.76469],[-1.02962,40.79216],[-1.05211,40.8067],[-1.04762,40.82124],[-1.05661,40.83578],[-1.04762,40.85517],[-1.04087,40.84224],[-1.00038,40.85355],[-0.97115,40.85194],[-0.9644,40.85355],[-0.97789,40.82447],[-0.96215,40.79701],[-0.94416,40.776],[-0.95765,40.75338],[-0.98239,40.75338],[-1.00263,40.73723],[-1.04986,40.71784],[-1.09035,40.74854]]]}},{"type":"Feature","properties":{"name":"Pe\u00f1arroya de Tastavins","layer":"municipio"},"geometry":{"type":"MultiLineString","coordinates":[[[-0.01752,40.73077],[-0.00852,40.75338],[0.01172,40.755],[0.03646,40.78247],[0.07695,40.79862],[0.09494,40.79054],[0.11068,40.79701],[0.12193,40.76146],[0.13542,40.74531],[0.14217,40.71784],[0.11518,40.72753],[0.07245,40.71461],[0.04321,40.69038],[0.02746,40.69522],[0.02971,40.71461],[0.01622,40.72753],[-0.01752,40.73077]]]}},{"type":"Feature","properties":{"name":"Peralejos","layer":"municipio"},"geometry":{"type":"MultiLineString","coordinates":[[[-1.0836,40.50619],[-1.04762,40.49973],[-1.00488,40.49812],[-0.97115,40.47388],[-0.97115,40.49327],[-0.93741,40.48519],[-0.93516,40.4658],[-0.91492,40.46257],[-0.92616,40.44965],[-0.94191,40.44965],[-0.9689,40.47227],[-0.98914,40.45773],[-1.01388,40.46742],[-1.04087,40.46903],[-1.04537,40.47873],[-1.07236,40.49165],[-1.0836,40.50619]]]}},{"type":"Feature","properties":{"name":"Perales del Alfambra","layer":"municipio"},"geometry":{"type":"MultiLineString","coordinates":[[[-1.07685,40.62737],[-1.06786,40.63221],[-1.03412,40.67745],[-1.02063,40.6823],[-1.00488,40.66614],[-0.97115,40.66291],[-0.94641,40.67745],[-0.91042,40.67745],[-0.91492,40.63221],[-0.90367,40.61444],[-0.87893,40.59667],[-0.90367,40.60152],[-0.94641,40.58859],[-0.98689,40.60313],[-1.02063,40.59828],[-1.04537,40.60798],[-1.07685,40.62737]]]}},{"type":"Feature","properties":{"name":"Pitarque","layer":"municipio"},"geometry":{"type":"MultiLineString","coordinates":[[[-0.62928,40.57567],[-0.64952,40.59344],[-0.64727,40.61283],[-0.62703,40.63868],[-0.62253,40.65645],[-0.56855,40.66776],[-0.55506,40.63383],[-0.5663,40.61929],[-0.55956,40.59505],[-0.5663,40.59021],[-0.62928,40.57567]]]}},{"type":"Feature","properties":{"name":"El Pobo","layer":"municipio"},"geometry":{"type":"MultiLineString","coordinates":[[[-0.93741,40.48519],[-0.91042,40.48842],[-0.91492,40.4965],[-0.91492,40.53689],[-0.90817,40.54497],[-0.84295,40.53204],[-0.82495,40.51427],[-0.78672,40.50781],[-0.78447,40.49812],[-0.82045,40.4965],[-0.84744,40.4755],[-0.91492,40.46257],[-0.93516,40.4658],[-0.93741,40.48519]]]}},{"type":"Feature","properties":{"name":"La Portellada","layer":"municipio"},"geometry":{"type":"MultiLineString","coordinates":[[[0.02297,40.88425],[0.02746,40.89718],[0.04321,40.90525],[0.07695,40.89556],[0.10393,40.90041],[0.11068,40.89233],[0.07245,40.86486],[0.0522,40.86163],[0.02297,40.88425]]]}},{"type":"Feature","properties":{"name":"Pozond\u00f3n","layer":"municipio"},"geometry":{"type":"MultiLineString","coordinates":[[[-1.43222,40.58051],[-1.41197,40.58213],[-1.38273,40.56274],[-1.38948,40.54497],[-1.41197,40.54982],[-1.42097,40.5175],[-1.44121,40.51266],[-1.49519,40.53689]]]}},{"type":"Feature","properties":{"name":"Pozuel del Campo","layer":"municipio"},"geometry":{"type":"MultiLineString","coordinates":[[[-1.42997,40.7857],[-1.42772,40.77439],[-1.50419,40.75823]]]}},{"type":"Feature","properties":{"name":"La Puebla de Valverde","layer":"municipio"},"geometry":{"type":"MultiLineString","coordinates":[[[-1.03412,40.08128],[-0.99589,40.14752],[-1.00713,40.14914],[-1.02063,40.17822],[-1.00488,40.21215],[-1.01613,40.23154],[-1.01163,40.30262],[-0.9554,40.33332],[-0.9554,40.35271],[-0.94865,40.35432],[-0.94191,40.31878],[-0.91042,40.30101],[-0.88793,40.27677],[-0.85644,40.26547],[-0.8407,40.23962],[-0.8407,40.22184],[-0.8227,40.20892],[-0.82495,40.19276],[-0.88343,40.18145],[-0.91492,40.16368],[-0.9509,40.12652],[-0.9554,40.1136],[-0.93966,40.07644],[-0.96665,40.05867],[-0.98464,40.06836],[-1.01388,40.06351],[-1.03412,40.08128]]]}},{"type":"Feature","properties":{"name":"Puertomingalvo","layer":"municipio"},"geometry":{"type":"MultiLineString","coordinates":[[[-0.51457,40.33978],[-0.48084,40.35432],[-0.45835,40.35432],[-0.42911,40.32686],[-0.41111,40.32686],[-0.39087,40.30586],[-0.39987,40.29616],[-0.38188,40.27677],[-0.38862,40.26223],[-0.4516,40.23477],[-0.46959,40.23962],[-0.50108,40.23315],[-0.49433,40.25254],[-0.51457,40.27516],[-0.49433,40.3204],[-0.51457,40.33978]]]}},{"type":"Feature","properties":{"name":"Rubiales","layer":"municipio"},"geometry":{"type":"MultiLineString","coordinates":[[[-1.31526,40.23638],[-1.31076,40.27516],[-1.25678,40.30424],[-1.23204,40.28485],[-1.24554,40.28001],[-1.23429,40.27193],[-1.24554,40.26062],[-1.27928,40.259],[-1.28602,40.24931],[-1.31526,40.23638]]]}},{"type":"Feature","properties":{"name":"R\u00e1fales","layer":"municipio"},"geometry":{"type":"MultiLineString","coordinates":[[[-0.03551,40.85032],[0.02297,40.88425],[0.0522,40.86163],[0.07245,40.86486],[0.06795,40.85355],[0.04096,40.84224],[0.02971,40.82447],[0.00497,40.81316],[-0.02651,40.83417],[-0.03551,40.85032]]]}},{"type":"Feature","properties":{"name":"Rillo","layer":"municipio"},"geometry":{"type":"MultiLineString","coordinates":[[[-1.04986,40.71784],[-1.00263,40.73723],[-0.98239,40.75338],[-0.95765,40.75338],[-0.94416,40.776],[-0.92166,40.77439],[-0.90142,40.75662],[-0.92391,40.73238],[-0.94191,40.72107],[-0.97789,40.71299],[-1.01838,40.69038],[-1.02063,40.6823],[-1.03412,40.67745],[-1.03862,40.70168],[-1.04986,40.71784]]]}},{"type":"Feature","properties":{"name":"Riodeva","layer":"municipio"},"geometry":{"type":"MultiLineString","coordinates":[[[-1.20056,40.11037],[-1.18256,40.13137],[-1.17582,40.12652],[-1.15557,40.13945],[-1.12858,40.16045],[-1.11284,40.1556],[-1.09935,40.13298],[-1.10609,40.08775],[-1.13308,40.09744],[-1.14883,40.11521],[-1.20056,40.11037]]]}},{"type":"Feature","properties":{"name":"Rubielos de la C\u00e9rida","layer":"municipio"},"geometry":{"type":"MultiLineString","coordinates":[[[-1.27703,40.75177],[-1.27028,40.776],[-1.25229,40.79862],[-1.25453,40.80993],[-1.20505,40.79378],[-1.17357,40.79378],[-1.15108,40.78893],[-1.14433,40.75985],[-1.16232,40.74369],[-1.21405,40.73561],[-1.23204,40.7243],[-1.27703,40.75177]]]}},{"type":"Feature","properties":{"name":"Sald\u00f3n","layer":"municipio"},"geometry":{"type":"MultiLineString","coordinates":[[[-1.46595,40.33817],[-1.4592,40.35109],[-1.42547,40.35917],[-1.40523,40.35594],[-1.40073,40.33817],[-1.38498,40.33009],[-1.39848,40.31393],[-1.44796,40.30747],[-1.46595,40.33817]]]}},{"type":"Feature","properties":{"name":"Rubielos de Mora","layer":"municipio"},"geometry":{"type":"MultiLineString","coordinates":[[[-0.71699,40.14106],[-0.70575,40.14914],[-0.7125,40.217],[-0.69225,40.22669],[-0.60454,40.21861],[-0.59779,40.20407],[-0.64952,40.17984],[-0.65177,40.15883],[-0.63378,40.14591],[-0.65852,40.14106],[-0.67426,40.12814],[-0.71699,40.14106]]]}},{"type":"Feature","properties":{"name":"Salcedillo","layer":"municipio"},"geometry":{"type":"MultiLineString","coordinates":[[[-1.02737,40.92464],[-1.02737,40.95534],[-1.00938,40.97957],[-0.98014,40.96988],[-0.98239,40.95049],[-1.00713,40.92787],[-1.02737,40.92464],[-1.02737,40.92464]]]}},{"type":"Feature","properties":{"name":"Samper de Calanda","layer":"municipio"},"geometry":{"type":"MultiLineString","coordinates":[[[-0.3099,41.10074],[-0.32565,41.10721],[-0.35264,41.13306]]]}},{"type":"Feature","properties":{"name":"San Mart\u00edn del R\u00edo","layer":"municipio"},"geometry":{"type":"MultiLineString","coordinates":[[[-1.42322,41.02643],[-1.41422,41.03289],[-1.40523,41.06682],[-1.37824,41.07328],[-1.36024,41.08782],[-1.35575,41.08782],[-1.35799,41.0652],[-1.38498,41.03774],[-1.41872,41.02481],[-1.42322,41.02643]]]}},{"type":"Feature","properties":{"name":"Santa Cruz de Nogueras","layer":"municipio"},"geometry":{"type":"MultiLineString","coordinates":[[[-1.06786,41.11852],[-1.05436,41.11852],[-1.05886,41.11044],[-1.0791,41.09428],[-1.10834,41.11205],[-1.12184,41.13467]]]}},{"type":"Feature","properties":{"name":"San Agust\u00edn","layer":"municipio"},"geometry":{"type":"MultiLineString","coordinates":[[[-0.72824,40.14106],[-0.71699,40.14106],[-0.67426,40.12814],[-0.67651,40.10875],[-0.62928,40.10229],[-0.61354,40.06997],[-0.62928,40.07482],[-0.66526,40.05059],[-0.67876,40.04574],[-0.7125,40.04251],[-0.71924,40.07482],[-0.7125,40.08936],[-0.71475,40.12167],[-0.72824,40.14106]]]}},{"type":"Feature","properties":{"name":"Santa Eulalia","layer":"municipio"},"geometry":{"type":"MultiLineString","coordinates":[[[-1.38948,40.54497],[-1.38273,40.56274],[-1.34675,40.5789],[-1.30626,40.58859],[-1.30626,40.5789],[-1.2253,40.58536],[-1.21855,40.57567],[-1.18931,40.58374],[-1.2028,40.55951],[-1.23429,40.56274],[-1.29502,40.53689],[-1.29502,40.52073],[-1.35125,40.51104],[-1.36474,40.50296],[-1.38723,40.52235],[-1.38948,40.54497]]]}},{"type":"Feature","properties":{"name":"Seno","layer":"municipio"},"geometry":{"type":"MultiLineString","coordinates":[[[-0.39762,40.82124],[-0.36388,40.83255],[-0.33689,40.8584],[-0.3279,40.84224],[-0.3234,40.80832],[-0.36388,40.80832],[-0.37738,40.81963],[-0.39762,40.82124]]]}},{"type":"Feature","properties":{"name":"Sarri\u00f3n","layer":"municipio"},"geometry":{"type":"MultiLineString","coordinates":[[[-0.93966,40.07644],[-0.9554,40.1136],[-0.9509,40.12652],[-0.91492,40.16368],[-0.88343,40.18145],[-0.82495,40.19276],[-0.80696,40.19599],[-0.77997,40.16853],[-0.74848,40.14914],[-0.80246,40.09744],[-0.81596,40.09421],[-0.87443,40.09744],[-0.93966,40.07644]]]}},{"type":"Feature","properties":{"name":"Segura de los Ba\u00f1os","layer":"municipio"},"geometry":{"type":"MultiLineString","coordinates":[[[-1.02737,40.92464],[-1.00713,40.92787],[-0.98239,40.95049],[-0.98014,40.96988],[-0.96215,40.96342],[-0.93966,40.96826],[-0.90367,40.94403],[-0.89018,40.94564],[-0.89018,40.9311],[-0.92166,40.90525],[-0.93291,40.89879],[-0.97564,40.89718],[-1.00488,40.91818],[-1.02737,40.92464]]]}},{"type":"Feature","properties":{"name":"Singra","layer":"municipio"},"geometry":{"type":"MultiLineString","coordinates":[[[-1.349,40.66453],[-1.34225,40.68714],[-1.31751,40.68714],[-1.27253,40.69038],[-1.26128,40.6823],[-1.24779,40.65968],[-1.26353,40.64837],[-1.32201,40.63706],[-1.349,40.66453]]]}},{"type":"Feature","properties":{"name":"Terriente","layer":"municipio"},"geometry":{"type":"MultiLineString","coordinates":[[[-1.45471,40.30909],[-1.46145,40.28485],[-1.47945,40.26385]]]}},{"type":"Feature","properties":{"name":"Teruel","layer":"municipio"},"geometry":{"type":"MultiLineString","coordinates":[[[-1.27928,40.35109],[-1.25903,40.37694],[-1.26128,40.41249],[-1.23204,40.44157],[-1.20955,40.45288],[-1.19606,40.45449],[-1.15332,40.43026],[-1.13533,40.42703],[-1.11509,40.44642],[-1.10384,40.46742],[-1.10834,40.49812],[-1.09935,40.51104],[-1.0836,40.50619],[-1.07236,40.49165],[-1.08585,40.46419],[-1.05436,40.43995],[-1.01838,40.42703],[-1.03637,40.38664],[-1.00713,40.37694],[-0.98014,40.37533],[-0.9554,40.35271],[-0.9554,40.33332],[-1.01163,40.30262],[-1.01613,40.23154],[-1.04087,40.22669],[-1.06561,40.24285],[-1.11734,40.25416],[-1.13308,40.28001],[-1.17806,40.30101],[-1.23204,40.28485],[-1.25678,40.30424],[-1.27928,40.35109]]]}},{"type":"Feature","properties":{"name":"Toril y Masegoso","layer":"municipio"},"geometry":{"type":"MultiLineString","coordinates":[[[-1.4637,40.28162],[-1.4682,40.25416],[-1.46145,40.24446],[-1.48844,40.23638]]]}},{"type":"Feature","properties":{"name":"Torrecilla de Alca\u00f1iz","layer":"municipio"},"geometry":{"type":"MultiLineString","coordinates":[[[-0.12997,40.97957],[-0.12548,40.99088],[-0.06925,40.98927],[-0.04001,40.95857],[-0.03101,40.93434],[-0.05575,40.94888],[-0.09624,40.94564],[-0.09624,40.95372],[-0.12997,40.97957]]]}},{"type":"Feature","properties":{"name":"Torm\u00f3n","layer":"municipio"},"geometry":{"type":"MultiLineString","coordinates":[[[-1.38049,40.21215],[-1.35799,40.22669],[-1.33775,40.22669],[-1.32426,40.24285],[-1.31526,40.23638],[-1.29727,40.21215],[-1.32201,40.18468],[-1.34675,40.17661],[-1.37599,40.19276],[-1.38049,40.21215]]]}},{"type":"Feature","properties":{"name":"Tornos","layer":"municipio"},"geometry":{"type":"MultiLineString","coordinates":[[[-1.44796,40.97634],[-1.39173,40.97473],[-1.37374,40.98119],[-1.36924,40.96019],[-1.36474,40.93757],[-1.38498,40.92464],[-1.42547,40.91495],[-1.45246,40.92303],[-1.4727,40.94888]]]}},{"type":"Feature","properties":{"name":"Torralba de los Sisones","layer":"municipio"},"geometry":{"type":"MultiLineString","coordinates":[[[-1.45246,40.92303],[-1.42547,40.91495],[-1.38498,40.92464],[-1.37149,40.90849],[-1.38498,40.90687],[-1.39623,40.89233],[-1.44346,40.86002],[-1.43896,40.84548],[-1.47045,40.86002]]]}},{"type":"Feature","properties":{"name":"Torrecilla del Rebollar","layer":"municipio"},"geometry":{"type":"MultiLineString","coordinates":[[[-1.12409,40.9101],[-1.10834,40.93272],[-1.09935,40.96342],[-1.07236,40.96665],[-1.06336,40.95695],[-1.02737,40.95534],[-1.02737,40.92464],[-1.04312,40.89879],[-1.04537,40.88102],[-1.04762,40.85517],[-1.06336,40.87456],[-1.10834,40.8794],[-1.12409,40.9101]]]}},{"type":"Feature","properties":{"name":"Torre de Arcas","layer":"municipio"},"geometry":{"type":"MultiLineString","coordinates":[[[-0.14347,40.7857],[-0.13222,40.79216],[-0.11648,40.79216],[-0.09174,40.7857],[-0.05575,40.75662],[-0.04451,40.72592],[-0.0535,40.72753],[-0.10298,40.74208],[-0.12772,40.75338],[-0.14797,40.77439],[-0.14347,40.7857]]]}},{"type":"Feature","properties":{"name":"Torre de las Arcas","layer":"municipio"},"geometry":{"type":"MultiLineString","coordinates":[[[-0.73949,40.87617],[-0.7125,40.86971],[-0.66526,40.86809],[-0.67201,40.85032],[-0.66302,40.83255],[-0.67201,40.81478],[-0.6945,40.81316],[-0.73274,40.82609],[-0.75073,40.86809],[-0.73949,40.87617]]]}},{"type":"Feature","properties":{"name":"Torre del Compte","layer":"municipio"},"geometry":{"type":"MultiLineString","coordinates":[[[0.10393,40.91818],[0.10393,40.95534],[0.11968,40.97311],[0.16016,40.96019],[0.15566,40.95372],[0.13992,40.9311],[0.12193,40.91656],[0.10393,40.91818]]]}},{"type":"Feature","properties":{"name":"Torrelac\u00e1rcel","layer":"municipio"},"geometry":{"type":"MultiLineString","coordinates":[[[-1.32201,40.63706],[-1.26353,40.64837],[-1.24779,40.65968],[-1.21855,40.62413],[-1.23879,40.61444],[-1.30851,40.59667],[-1.32876,40.62737],[-1.32201,40.63706]]]}},{"type":"Feature","properties":{"name":"Torrevelilla","layer":"municipio"},"geometry":{"type":"MultiLineString","coordinates":[[[-0.15247,40.91979],[-0.14572,40.94726],[-0.11873,40.9408],[-0.09624,40.94564],[-0.08949,40.91979],[-0.08499,40.89556],[-0.10973,40.8794],[-0.11198,40.8794],[-0.14797,40.88748],[-0.15247,40.91979]]]}},{"type":"Feature","properties":{"name":"Torrijas","layer":"municipio"},"geometry":{"type":"MultiLineString","coordinates":[[[-1.01388,40.06351],[-0.98464,40.06836],[-0.96665,40.05867],[-0.9689,40.04736],[-0.92841,40.0312],[-0.91942,40.00212],[-0.89692,39.98111],[-0.91942,39.96496],[-0.93291,39.95688],[-0.97564,39.97627],[-0.98689,40.02151],[-1.01163,40.04736],[-1.01388,40.06351]]]}},{"type":"Feature","properties":{"name":"Torrijo del Campo","layer":"municipio"},"geometry":{"type":"MultiLineString","coordinates":[[[-1.43222,40.84224],[-1.40073,40.84709],[-1.38273,40.83255],[-1.35125,40.8374],[-1.28152,40.82286],[-1.25453,40.80993],[-1.25229,40.79862],[-1.27028,40.776],[-1.32201,40.80024],[-1.34,40.81801],[-1.36024,40.80832],[-1.41197,40.81801],[-1.43222,40.84224]]]}},{"type":"Feature","properties":{"name":"Tronch\u00f3n","layer":"municipio"},"geometry":{"type":"MultiLineString","coordinates":[[[-0.46059,40.56597],[-0.47184,40.58051],[-0.45835,40.59344],[-0.46284,40.61283],[-0.4381,40.64191],[-0.38188,40.66129],[-0.37063,40.6516],[-0.37963,40.62413],[-0.34364,40.60636],[-0.34814,40.60152],[-0.40212,40.59182],[-0.42236,40.58051],[-0.46059,40.56597]]]}},{"type":"Feature","properties":{"name":"Tramacastiel","layer":"municipio"},"geometry":{"type":"MultiLineString","coordinates":[[[-1.31526,40.23638],[-1.28602,40.24931],[-1.27928,40.24123],[-1.25004,40.23315],[-1.2253,40.2073],[-1.2253,40.1863],[-1.23429,40.17984],[-1.24329,40.14591],[-1.25229,40.14268],[-1.28377,40.17176],[-1.29727,40.21215],[-1.31526,40.23638]]]}},{"type":"Feature","properties":{"name":"Utrillas","layer":"municipio"},"geometry":{"type":"MultiLineString","coordinates":[[[-0.96215,40.79701],[-0.94416,40.79862],[-0.93066,40.81478],[-0.91717,40.8067],[-0.90817,40.81639],[-0.84744,40.8277],[-0.81596,40.81316],[-0.8317,40.77116],[-0.89468,40.80185],[-0.92166,40.77439],[-0.94416,40.776],[-0.96215,40.79701]]]}},{"type":"Feature","properties":{"name":"Valacloche","layer":"municipio"},"geometry":{"type":"MultiLineString","coordinates":[[[-1.10834,40.16045],[-1.10834,40.18468],[-1.0971,40.20246],[-1.05886,40.18953],[-1.04312,40.17822],[-1.06561,40.17661],[-1.09485,40.16045],[-1.10834,40.16045]]]}},{"type":"Feature","properties":{"name":"Valbona","layer":"municipio"},"geometry":{"type":"MultiLineString","coordinates":[[[-0.85644,40.26547],[-0.8362,40.27516],[-0.81821,40.28485],[-0.79346,40.25092],[-0.79346,40.22184],[-0.77097,40.1863],[-0.77997,40.16853],[-0.80696,40.19599],[-0.82495,40.19276],[-0.8227,40.20892],[-0.8407,40.22184],[-0.8407,40.23962],[-0.85644,40.26547]]]}},{"type":"Feature","properties":{"name":"Valdealgorfa","layer":"municipio"},"geometry":{"type":"MultiLineString","coordinates":[[[-0.06925,40.98927],[-0.04226,41.03127],[-0.02202,41.03289],[0.00272,41.0442],[0.02746,41.04097],[0.02072,41.03935],[0.02522,41.00865],[0.00272,40.9828],[-0.04001,40.95857],[-0.06925,40.98927]]]}},{"type":"Feature","properties":{"name":"Valdecuenca","layer":"municipio"},"geometry":{"type":"MultiLineString","coordinates":[[[-1.41647,40.27677],[-1.44346,40.28324],[-1.43222,40.29293],[-1.43446,40.30909],[-1.40748,40.31393],[-1.37824,40.30909],[-1.37374,40.29293],[-1.38723,40.27516],[-1.41647,40.27677]]]}},{"type":"Feature","properties":{"name":"Valdelinares","layer":"municipio"},"geometry":{"type":"MultiLineString","coordinates":[[[-0.64952,40.38825],[-0.63378,40.40118],[-0.62928,40.42057],[-0.60904,40.43511],[-0.62028,40.45449],[-0.58879,40.47065],[-0.54381,40.4238],[-0.60229,40.40602],[-0.55731,40.38502],[-0.58879,40.37856],[-0.62028,40.3624],[-0.63378,40.33009],[-0.64277,40.33171],[-0.63828,40.37533],[-0.64952,40.38825]]]}},{"type":"Feature","properties":{"name":"Valdeltormo","layer":"municipio"},"geometry":{"type":"MultiLineString","coordinates":[[[0.0522,40.99734],[0.11518,40.98119],[0.11968,40.97311],[0.10393,40.95534],[0.0747,40.95857],[0.0747,40.96826],[0.0522,40.99734]]]}},{"type":"Feature","properties":{"name":"Valderrobres","layer":"municipio"},"geometry":{"type":"MultiLineString","coordinates":[[[0.07245,40.86486],[0.11068,40.89233],[0.10393,40.90041],[0.10393,40.91818],[0.12193,40.91656],[0.13992,40.9311],[0.15566,40.95372],[0.17591,40.93434],[0.17366,40.92464],[0.1984,40.90849],[0.20065,40.88587],[0.22314,40.86163],[0.13767,40.83093],[0.12643,40.8067],[0.13317,40.78731],[0.16241,40.77116],[0.17591,40.74208],[0.17141,40.73238],[0.14217,40.71784],[0.13542,40.74531],[0.12193,40.76146],[0.11068,40.79701],[0.12418,40.80185],[0.09494,40.82609],[0.08819,40.85032],[0.07245,40.86486]]]}},{"type":"Feature","properties":{"name":"Valjunquera","layer":"municipio"},"geometry":{"type":"MultiLineString","coordinates":[[[-0.04001,40.95857],[0.00272,40.9828],[0.02522,41.00865],[0.0522,40.99734],[0.0747,40.96826],[0.0747,40.95857],[0.04546,40.9618],[0.02746,40.93918],[-0.01977,40.92464],[-0.03101,40.93434],[-0.04001,40.95857]]]}},{"type":"Feature","properties":{"name":"Veguillas de la Sierra","layer":"municipio"},"geometry":{"type":"MultiLineString","coordinates":[[[-1.44796,40.14591],[-1.44346,40.1653],[-1.40972,40.15883],[-1.37374,40.1653],[-1.38498,40.13783],[-1.39173,40.1346],[-1.44796,40.14591]]]}},{"type":"Feature","properties":{"name":"Villafranca del Campo","layer":"municipio"},"geometry":{"type":"MultiLineString","coordinates":[[[-1.43896,40.68391],[-1.43222,40.69522],[-1.40748,40.7033],[-1.39173,40.73884],[-1.349,40.73723],[-1.32426,40.73077],[-1.30851,40.73561],[-1.31751,40.68714],[-1.34225,40.68714],[-1.349,40.66453],[-1.39173,40.65968],[-1.41422,40.64514],[-1.43896,40.68391]]]}},{"type":"Feature","properties":{"name":"Villahermosa del Campo","layer":"municipio"},"geometry":{"type":"MultiLineString","coordinates":[[[-1.27028,41.10398],[-1.25453,41.12336],[-1.2163,41.1379]],[[-1.17806,41.12821],[-1.2028,41.11044],[-1.22755,41.10398],[-1.25678,41.0862],[-1.27028,41.10398]]]}},{"type":"Feature","properties":{"name":"Villanueva del Rebollar de la Sierra","layer":"municipio"},"geometry":{"type":"MultiLineString","coordinates":[[[-1.04537,40.88102],[-1.04312,40.89879],[-1.02737,40.92464],[-1.00488,40.91818],[-0.97564,40.89718],[-0.97789,40.8794],[-1.03187,40.88748],[-1.04537,40.88102]]]}},{"type":"Feature","properties":{"name":"Villarquemado","layer":"municipio"},"geometry":{"type":"MultiLineString","coordinates":[[[-1.29502,40.52073],[-1.29502,40.53689],[-1.23429,40.56274],[-1.2028,40.55951],[-1.18256,40.53689],[-1.2073,40.50458],[-1.25453,40.48681],[-1.27703,40.48519],[-1.29502,40.50943],[-1.29502,40.52073]]]}},{"type":"Feature","properties":{"name":"Villar del Salz","layer":"municipio"},"geometry":{"type":"MultiLineString","coordinates":[[[-1.43446,40.70168],[-1.43222,40.69522],[-1.43896,40.68391],[-1.45696,40.67583],[-1.47495,40.65806]]]}},{"type":"Feature","properties":{"name":"Villarroya de los Pinares","layer":"municipio"},"geometry":{"type":"MultiLineString","coordinates":[[[-0.708,40.52397],[-0.708,40.5272],[-0.699,40.54012],[-0.67426,40.53204],[-0.66302,40.55628],[-0.64727,40.55143],[-0.62928,40.57567],[-0.61129,40.54335],[-0.61129,40.50619],[-0.58879,40.47065],[-0.64052,40.4658],[-0.67201,40.47711],[-0.69675,40.4965],[-0.708,40.52397]]]}},{"type":"Feature","properties":{"name":"Villarluengo","layer":"municipio"},"geometry":{"type":"MultiLineString","coordinates":[[[-0.62253,40.65645],[-0.62028,40.67745],[-0.60454,40.68553],[-0.61354,40.7033],[-0.60229,40.72592],[-0.5798,40.71461],[-0.54831,40.71299],[-0.56181,40.68876],[-0.53257,40.69038],[-0.47859,40.71138],[-0.48983,40.69845],[-0.46959,40.68391],[-0.46284,40.69199],[-0.42911,40.70168],[-0.40662,40.69361],[-0.40437,40.68068],[-0.38188,40.67099],[-0.38188,40.66129],[-0.4381,40.64191],[-0.46284,40.61283],[-0.45835,40.59344],[-0.47184,40.58051],[-0.46059,40.56597],[-0.46959,40.55466],[-0.49208,40.57405],[-0.49883,40.59667],[-0.51232,40.59505],[-0.54381,40.61606],[-0.5663,40.61929],[-0.55506,40.63383],[-0.56855,40.66776],[-0.62253,40.65645]]]}},{"type":"Feature","properties":{"name":"Villastar","layer":"municipio"},"geometry":{"type":"MultiLineString","coordinates":[[[-1.24554,40.28001],[-1.23204,40.28485],[-1.17806,40.30101],[-1.13308,40.28001],[-1.11734,40.25416],[-1.12409,40.22669],[-1.22305,40.27516],[-1.24554,40.28001]]]}},{"type":"Feature","properties":{"name":"Villel","layer":"municipio"},"geometry":{"type":"MultiLineString","coordinates":[[[-1.28602,40.24931],[-1.27928,40.259],[-1.24554,40.26062],[-1.23429,40.27193],[-1.24554,40.28001],[-1.22305,40.27516],[-1.12409,40.22669],[-1.16907,40.217],[-1.16007,40.18307],[-1.12858,40.16045],[-1.15557,40.13945],[-1.2253,40.1863],[-1.2253,40.2073],[-1.25004,40.23315],[-1.27928,40.24123],[-1.28602,40.24931]]]}},{"type":"Feature","properties":{"name":"Visiedo","layer":"municipio"},"geometry":{"type":"MultiLineString","coordinates":[[[-1.17132,40.64998],[-1.18481,40.64029],[-1.21405,40.64675],[-1.20505,40.65806],[-1.17132,40.66291],[-1.17132,40.64998]],[[-1.12633,40.69522],[-1.04986,40.71784],[-1.03862,40.70168],[-1.03412,40.67745],[-1.06786,40.63221],[-1.07685,40.62737],[-1.0836,40.64514],[-1.12858,40.66937],[-1.12633,40.69522]]]}},{"type":"Feature","properties":{"name":"Vivel del R\u00edo Mart\u00edn","layer":"municipio"},"geometry":{"type":"MultiLineString","coordinates":[[[-0.97789,40.8794],[-0.97564,40.89718],[-0.93291,40.89879],[-0.92166,40.90525],[-0.89018,40.9311],[-0.87218,40.9101],[-0.84969,40.89556],[-0.85644,40.87617],[-0.86993,40.86971],[-0.90367,40.87456],[-0.93291,40.84871],[-0.9644,40.85355],[-0.97115,40.85194],[-0.97789,40.8794]]]}},{"type":"Feature","properties":{"name":"Anento","layer":"municipio"},"geometry":{"type":"MultiLineString","coordinates":[[[-1.35799,41.0652],[-1.35575,41.08782],[-1.31076,41.09428],[-1.29727,41.06843],[-1.28152,41.05551],[-1.28827,41.04904],[-1.33325,41.05066],[-1.35799,41.0652]]]}},{"type":"Feature","properties":{"name":"Balconch\u00e1n","layer":"municipio"},"geometry":{"type":"MultiLineString","coordinates":[[[-1.46595,41.10398],[-1.44571,41.08782],[-1.44571,41.07489],[-1.48619,41.05389]]]}},{"type":"Feature","properties":{"name":"Berrueco","layer":"municipio"},"geometry":{"type":"MultiLineString","coordinates":[[[-1.4592,41.00704],[-1.44796,40.97634],[-1.4727,40.94888]]]}},{"type":"Feature","properties":{"name":"Daroca","layer":"municipio"},"geometry":{"type":"MultiLineString","coordinates":[[[-1.37374,41.11044],[-1.36699,41.09751],[-1.39848,41.08459],[-1.40972,41.07166],[-1.41197,41.08136],[-1.44571,41.07489],[-1.44571,41.08782],[-1.46595,41.10398]]]}},{"type":"Feature","properties":{"name":"L\u00e9cera","layer":"municipio"},"geometry":{"type":"MultiLineString","coordinates":[[[-0.6945,41.11205],[-0.71475,41.12498],[-0.72824,41.14437]]]}},{"type":"Feature","properties":{"name":"Lech\u00f3n","layer":"municipio"},"geometry":{"type":"MultiLineString","coordinates":[[[-1.31076,41.09428],[-1.27028,41.10398],[-1.25678,41.0862],[-1.25229,41.07813],[-1.27028,41.05551],[-1.28152,41.05551],[-1.29727,41.06843],[-1.31076,41.09428]]]}},{"type":"Feature","properties":{"name":"Maella","layer":"municipio"},"geometry":{"type":"MultiLineString","coordinates":[[[0.20065,41.12498],[0.20964,41.1169],[0.20065,41.08459],[0.21864,41.07489],[0.22089,41.07166],[0.16691,41.07005],[0.14667,41.06359],[0.11968,41.07651],[0.07919,41.07974],[0.0567,41.07489],[0.0522,41.05551],[0.03646,41.04581],[-0.00177,41.09105],[-0.01302,41.12013]]]}},{"type":"Feature","properties":{"name":"Moneva","layer":"municipio"},"geometry":{"type":"MultiLineString","coordinates":[[[-0.78897,41.10721],[-0.81146,41.10074],[-0.82945,41.0959],[-0.86094,41.10721],[-0.88343,41.12983]]]}},{"type":"Feature","properties":{"name":"Moyuela","layer":"municipio"},"geometry":{"type":"MultiLineString","coordinates":[[[-0.89018,41.12659],[-0.91492,41.10559],[-0.9509,41.14598]]]}},{"type":"Feature","properties":{"name":"Nombrevilla","layer":"municipio"},"geometry":{"type":"MultiLineString","coordinates":[[[-1.36699,41.09751],[-1.37374,41.11044],[-1.3535,41.13629]],[[-1.349,41.12821],[-1.31526,41.12175],[-1.31076,41.09428],[-1.35575,41.08782],[-1.36024,41.08782],[-1.36699,41.09751]]]}},{"type":"Feature","properties":{"name":"Plenas","layer":"municipio"},"geometry":{"type":"MultiLineString","coordinates":[[[-0.91492,41.10559],[-0.91267,41.09267],[-0.95765,41.07651],[-0.98914,41.09105],[-1.00038,41.11529]]]}},{"type":"Feature","properties":{"name":"Sagra","layer":"municipio"},"geometry":{"type":"MultiLineString","coordinates":[[[-0.08499,38.81625],[-0.06475,38.83725],[-0.04676,38.80655],[-0.067,38.80655],[-0.08499,38.81625]]]}},{"type":"Feature","properties":{"name":"Romanos","layer":"municipio"},"geometry":{"type":"MultiLineString","coordinates":[[[-1.25453,41.12336],[-1.27028,41.10398],[-1.31076,41.09428],[-1.31526,41.12175]]]}},{"type":"Feature","properties":{"name":"Sanet y Negrals","layer":"municipio"},"geometry":{"type":"MultiLineString","coordinates":[[[-0.04001,38.80655],[-0.03326,38.82756],[-0.01752,38.81948],[-0.01752,38.80655],[-0.03776,38.80655],[-0.04001,38.80655]]]}},{"type":"Feature","properties":{"name":"Villanueva de Jiloca","layer":"municipio"},"geometry":{"type":"MultiLineString","coordinates":[[[-1.40972,41.07166],[-1.39848,41.08459],[-1.36699,41.09751],[-1.36024,41.08782],[-1.37824,41.07328],[-1.40523,41.06682],[-1.40972,41.07166]]]}},{"type":"Feature","properties":{"name":"Villarroya del Campo","layer":"municipio"},"geometry":{"type":"MultiLineString","coordinates":[[[-1.31526,41.12175],[-1.349,41.12821],[-1.3535,41.13629]]]}},{"type":"Feature","properties":{"name":"Alfara del Patriarca","layer":"municipio"},"geometry":{"type":"MultiLineString","coordinates":[[[-0.38412,39.53359],[-0.38188,39.55136],[-0.37738,39.54166],[-0.37288,39.52874],[-0.38412,39.53359]]]}},{"type":"Feature","properties":{"name":"Formentera","layer":"municipio"},"geometry":{"type":"MultiLineString","coordinates":[[[1.43317,38.77424],[1.41742,38.78555],[1.42192,38.79686],[1.43317,38.77424]]]}},{"type":"Feature","properties":{"name":"Eivissa","layer":"municipio"},"geometry":{"type":"MultiLineString","coordinates":[[[1.40168,38.92773],[1.4624,38.91803],[1.43991,38.91642],[1.43766,38.90188],[1.42192,38.90349],[1.41067,38.89057],[1.40843,38.90834],[1.38368,38.92934],[1.40168,38.92773]]]}},{"type":"Feature","properties":{"name":"Sant Antoni de Portmany","layer":"municipio"},"geometry":{"type":"MultiLineString","coordinates":[[[1.38818,39.07798],[1.41067,39.03113],[1.39718,39.02789],[1.39043,38.98912],[1.42192,38.97943],[1.42867,38.9455],[1.40168,38.92773],[1.38368,38.92934],[1.3567,38.92934],[1.3477,38.94388],[1.31621,38.94711],[1.30272,38.96973],[1.30497,38.97943],[1.28697,38.98912],[1.29147,39.02466],[1.31171,39.04405],[1.36119,39.07475],[1.37469,39.06182],[1.38818,39.07798]]]}},{"type":"Feature","properties":{"name":"Sant Josep de sa Talaia","layer":"municipio"},"geometry":{"type":"MultiLineString","coordinates":[[[1.38368,38.92934],[1.40843,38.90834],[1.41067,38.89057],[1.40393,38.87441],[1.40618,38.8324],[1.38368,38.8421],[1.37244,38.83079],[1.36119,38.85987],[1.3432,38.87118],[1.30497,38.86633],[1.29822,38.87603],[1.26673,38.87764],[1.24649,38.85664],[1.21275,38.89703],[1.23524,38.94065],[1.215,38.95681],[1.23299,38.96812],[1.26448,38.96812],[1.28472,38.97458],[1.30272,38.96973],[1.31621,38.94711],[1.3477,38.94388],[1.3567,38.92934],[1.38368,38.92934]]]}},{"type":"Feature","properties":{"name":"Sant Joan de Labritja","layer":"municipio"},"geometry":{"type":"MultiLineString","coordinates":[[[1.5906,39.0699],[1.54562,39.06021],[1.52763,39.06182],[1.51638,39.05051],[1.50064,39.00528],[1.48714,38.99235],[1.46465,38.9972],[1.43991,39.02789],[1.41067,39.03113],[1.38818,39.07798],[1.41742,39.07798],[1.42642,39.09252],[1.43991,39.08121],[1.45341,39.09737],[1.49614,39.09898],[1.50514,39.11191],[1.53213,39.11837],[1.55687,39.09414],[1.5906,39.09737],[1.6086,39.07798],[1.5906,39.0699]]]}},{"type":"Feature","properties":{"name":"Santa Eul\u00e0ria des Riu","layer":"municipio"},"geometry":{"type":"MultiLineString","coordinates":[[[1.41067,39.03113],[1.43991,39.02789],[1.46465,38.9972],[1.48714,38.99235],[1.50064,39.00528],[1.51638,39.05051],[1.52763,39.06182],[1.54562,39.06021],[1.5906,39.0699],[1.5951,39.05213],[1.61759,39.03759],[1.58386,39.01497],[1.58161,38.98912],[1.55237,38.99235],[1.53213,38.97943],[1.52988,38.9455],[1.50964,38.94711],[1.50514,38.93257],[1.4759,38.91319],[1.4624,38.91803],[1.40168,38.92773],[1.42867,38.9455],[1.42192,38.97943],[1.39043,38.98912],[1.39718,39.02789],[1.41067,39.03113]]]}},{"type":"Feature","properties":{"name":"Rafelcofer","layer":"municipio"},"geometry":{"type":"MultiLineString","coordinates":[[[-0.1817,38.92934],[-0.17046,38.94065],[-0.16596,38.94227],[-0.16371,38.94227],[-0.16146,38.92611],[-0.1817,38.92934]]]}},{"type":"Feature","properties":{"name":"Alatoz","layer":"municipio"},"geometry":{"type":"MultiLineString","coordinates":[[[-1.41647,39.07798],[-1.40523,39.0796],[-1.39848,39.0796],[-1.40523,39.12322],[-1.3445,39.13291],[-1.32876,39.07152],[-1.31076,39.05051],[-1.37149,39.04082],[-1.38948,39.03274],[-1.41422,39.03113],[-1.41647,39.07798]]]}},{"type":"Feature","properties":{"name":"Bufali","layer":"municipio"},"geometry":{"type":"MultiLineString","coordinates":[[[-0.4561,38.82756],[-0.4471,38.81948],[-0.45385,38.81786],[-0.46059,38.82756],[-0.4561,38.82756]],[[-0.51907,38.89541],[-0.50558,38.86472],[-0.51907,38.86795],[-0.52582,38.89218],[-0.51907,38.89541]]]}},{"type":"Feature","properties":{"name":"Alpera","layer":"municipio"},"geometry":{"type":"MultiLineString","coordinates":[[[-1.38948,39.03274],[-1.37149,39.04082],[-1.31076,39.05051],[-1.26578,39.05051],[-1.22755,39.02466],[-1.16007,38.95519],[-1.14658,38.92934],[-1.17132,38.91965],[-1.2253,38.9358],[-1.27028,38.93419],[-1.30177,38.95196],[-1.32426,38.95681],[-1.36249,38.97781],[-1.38948,39.03274]]]}},{"type":"Feature","properties":{"name":"Alborea","layer":"municipio"},"geometry":{"type":"MultiLineString","coordinates":[[[-1.42547,39.24439],[-1.43896,39.27347],[-1.42547,39.3074],[-1.40972,39.32194],[-1.38498,39.35425],[-1.36249,39.3494],[-1.35799,39.30901],[-1.33775,39.30094],[-1.33325,39.27024],[-1.36249,39.25085],[-1.38498,39.246],[-1.42547,39.24439]]]}},{"type":"Feature","properties":{"name":"Alcal\u00e1 del J\u00facar","layer":"municipio"},"geometry":{"type":"MultiLineString","coordinates":[[[-1.4592,39.24762],[-1.42547,39.24439],[-1.38498,39.246],[-1.36249,39.25085],[-1.36924,39.21208],[-1.35125,39.21369],[-1.33775,39.1943],[-1.331,39.1733],[-1.31076,39.14422],[-1.31076,39.13291],[-1.3445,39.13291],[-1.40523,39.12322],[-1.43222,39.13291],[-1.45246,39.14745],[-1.47045,39.1733]]]}},{"type":"Feature","properties":{"name":"Almansa","layer":"municipio"},"geometry":{"type":"MultiLineString","coordinates":[[[-1.29727,38.83725],[-1.25903,38.89057],[-1.20056,38.90026],[-1.17132,38.91965],[-1.14658,38.92934],[-1.10834,38.92934],[-1.01613,38.93742],[-1.00038,38.95034],[-0.9599,38.94388],[-0.95765,38.92126],[-0.94191,38.90026],[-0.92391,38.89218],[-0.93516,38.85502],[-0.92391,38.82433],[-0.93291,38.8114],[-0.92841,38.78394],[-0.96215,38.77424],[-0.99589,38.7597],[-1.06786,38.73547]],[[-1.18481,38.75485],[-1.27928,38.82917],[-1.29727,38.83725]]]}},{"type":"Feature","properties":{"name":"Montserrat","layer":"municipio"},"geometry":{"type":"MultiLineString","coordinates":[[[-0.64277,39.37041],[-0.63378,39.38333],[-0.59104,39.39141],[-0.53707,39.38656],[-0.53931,39.36071],[-0.55281,39.33325],[-0.58205,39.32355],[-0.60904,39.34294],[-0.64277,39.37041]]]}},{"type":"Feature","properties":{"name":"Balsa de Ves","layer":"municipio"},"geometry":{"type":"MultiLineString","coordinates":[[[-1.2163,39.31871],[-1.16907,39.31386],[-1.16232,39.30578],[-1.17582,39.26539],[-1.17582,39.246],[-1.18031,39.21208],[-1.18931,39.20077],[-1.2073,39.19915],[-1.23879,39.20885],[-1.23204,39.21854],[-1.24329,39.24439],[-1.26578,39.27347],[-1.2163,39.31871]]]}},{"type":"Feature","properties":{"name":"Caudete","layer":"municipio"},"geometry":{"type":"MultiLineString","coordinates":[[[-0.99589,38.7597],[-0.96215,38.77424],[-0.92841,38.70639]]]}},{"type":"Feature","properties":{"name":"Bonete","layer":"municipio"},"geometry":{"type":"MultiLineString","coordinates":[[[-1.40298,38.88734],[-1.37149,38.91319],[-1.38498,38.91803],[-1.32426,38.93096],[-1.27253,38.92773],[-1.25229,38.91965],[-1.2253,38.9358],[-1.17132,38.91965],[-1.20056,38.90026],[-1.25903,38.89057],[-1.29727,38.83725],[-1.33325,38.8324],[-1.35799,38.82109],[-1.36249,38.83402],[-1.40298,38.88734]]]}},{"type":"Feature","properties":{"name":"Carcel\u00e9n","layer":"municipio"},"geometry":{"type":"MultiLineString","coordinates":[[[-1.3445,39.13291],[-1.31076,39.13291],[-1.31076,39.14422],[-1.27028,39.1523],[-1.22755,39.1523],[-1.23204,39.13291],[-1.24104,39.11352],[-1.25678,39.10545],[-1.25678,39.08444],[-1.26578,39.07475],[-1.26578,39.05051],[-1.31076,39.05051],[-1.32876,39.07152],[-1.3445,39.13291]]]}},{"type":"Feature","properties":{"name":"Casas de Ves","layer":"municipio"},"geometry":{"type":"MultiLineString","coordinates":[[[-1.36249,39.25085],[-1.33325,39.27024],[-1.33775,39.30094],[-1.31301,39.30578],[-1.29952,39.33002],[-1.27478,39.33325],[-1.25004,39.32355],[-1.2163,39.31871],[-1.26578,39.27347],[-1.24329,39.24439],[-1.27703,39.24116],[-1.28377,39.21369],[-1.29952,39.19592],[-1.27028,39.17007],[-1.27028,39.1523],[-1.31076,39.14422],[-1.331,39.1733],[-1.33775,39.1943],[-1.35125,39.21369],[-1.36924,39.21208],[-1.36249,39.25085]]]}},{"type":"Feature","properties":{"name":"Casas-Ib\u00e1\u00f1ez","layer":"municipio"},"geometry":{"type":"MultiLineString","coordinates":[[[-1.45471,39.36071],[-1.41197,39.3801],[-1.39848,39.36395],[-1.38273,39.36556],[-1.38498,39.35425],[-1.40972,39.32194],[-1.42547,39.3074],[-1.43896,39.27347],[-1.42547,39.24439],[-1.4592,39.24762],[-1.4772,39.2347]]]}},{"type":"Feature","properties":{"name":"Corral-Rubio","layer":"municipio"},"geometry":{"type":"MultiLineString","coordinates":[[[-1.45021,38.86472],[-1.42997,38.84856],[-1.38273,38.8324],[-1.36474,38.81463],[-1.38948,38.78878],[-1.38948,38.75647],[-1.40073,38.75001],[-1.44796,38.76132],[-1.46145,38.7904],[-1.52893,38.81786]]]}},{"type":"Feature","properties":{"name":"Chinchilla de Monte-Arag\u00f3n","layer":"municipio"},"geometry":{"type":"MultiLineString","coordinates":[[[-1.46595,38.90026],[-1.42997,38.89703],[-1.40298,38.88734],[-1.36249,38.83402],[-1.35799,38.82109],[-1.36474,38.81463],[-1.38273,38.8324],[-1.42997,38.84856],[-1.45021,38.86472],[-1.51093,38.84371]]]}},{"type":"Feature","properties":{"name":"Fuente-\u00c1lamo","layer":"municipio"},"geometry":{"type":"MultiLineString","coordinates":[[[-1.44796,38.76132],[-1.40073,38.75001],[-1.38948,38.75647],[-1.37374,38.74193]]]}},{"type":"Feature","properties":{"name":"Montroi/Montroy","layer":"municipio"},"geometry":{"type":"MultiLineString","coordinates":[[[-0.6945,39.31548],[-0.65402,39.36556],[-0.64277,39.37041],[-0.60904,39.34294],[-0.61354,39.33163],[-0.68101,39.29447],[-0.6945,39.31548]]]}},{"type":"Feature","properties":{"name":"Higueruela","layer":"municipio"},"geometry":{"type":"MultiLineString","coordinates":[[[-1.46595,39.02305],[-1.41422,39.03113],[-1.38948,39.03274],[-1.36249,38.97781],[-1.32426,38.95681],[-1.30177,38.95196],[-1.27028,38.93419],[-1.2253,38.9358],[-1.25229,38.91965],[-1.27253,38.92773],[-1.32426,38.93096],[-1.38498,38.91803],[-1.37149,38.91319],[-1.40298,38.88734],[-1.42997,38.89703],[-1.46595,38.90026],[-1.4817,38.90995]]]}},{"type":"Feature","properties":{"name":"Jorquera","layer":"municipio"},"geometry":{"type":"MultiLineString","coordinates":[[[-1.41647,39.09414],[-1.40523,39.0796],[-1.41647,39.07798],[-1.45471,39.08444],[-1.44571,39.09252],[-1.41647,39.09414]]]}},{"type":"Feature","properties":{"name":"Pozo-Lorente","layer":"municipio"},"geometry":{"type":"MultiLineString","coordinates":[[[-1.45471,39.08444],[-1.41647,39.07798],[-1.41422,39.03113],[-1.46595,39.02305],[-1.51993,39.02628]]]}},{"type":"Feature","properties":{"name":"Montealegre del Castillo","layer":"municipio"},"geometry":{"type":"MultiLineString","coordinates":[[[-1.38948,38.75647],[-1.38948,38.78878],[-1.36474,38.81463],[-1.35799,38.82109],[-1.33325,38.8324],[-1.29727,38.83725],[-1.27928,38.82917],[-1.18481,38.75485],[-1.25004,38.7387]]]}},{"type":"Feature","properties":{"name":"P\u00e9trola","layer":"municipio"},"geometry":{"type":"MultiLineString","coordinates":[[[-1.46145,38.7904],[-1.44796,38.76132],[-1.51093,38.75162]]]}},{"type":"Feature","properties":{"name":"La Recueja","layer":"municipio"},"geometry":{"type":"MultiLineString","coordinates":[[[-1.45246,39.14745],[-1.43222,39.13291],[-1.40523,39.12322],[-1.39848,39.0796],[-1.40523,39.0796],[-1.41647,39.09414],[-1.44571,39.13453],[-1.47945,39.15068]]]}},{"type":"Feature","properties":{"name":"Novetl\u00e8","layer":"municipio"},"geometry":{"type":"MultiLineString","coordinates":[[[-0.55506,38.98266],[-0.55056,38.98589],[-0.55056,38.98427],[-0.54831,38.98427],[-0.55731,38.97943],[-0.55731,38.98104],[-0.55956,38.98104],[-0.55506,38.98266]],[[-0.54606,38.9875],[-0.54606,38.9875]],[[-0.54606,38.98912],[-0.54606,38.98912]]]}},{"type":"Feature","properties":{"name":"Oliva","layer":"municipio"},"geometry":{"type":"MultiLineString","coordinates":[[[-0.16146,38.89703],[-0.13672,38.91965],[-0.14797,38.92611],[-0.14122,38.93742],[-0.10748,38.94388],[-0.03776,38.88734],[-0.02427,38.87279],[-0.04226,38.85664],[-0.06925,38.88572],[-0.14797,38.85825],[-0.16146,38.88734],[-0.16146,38.89703]]]}},{"type":"Feature","properties":{"name":"Villavaliente","layer":"municipio"},"geometry":{"type":"MultiLineString","coordinates":[[[-1.44571,39.13453],[-1.41647,39.09414],[-1.44571,39.09252],[-1.45471,39.08444],[-1.48619,39.10221]]]}},{"type":"Feature","properties":{"name":"Villa de Ves","layer":"municipio"},"geometry":{"type":"MultiLineString","coordinates":[[[-1.27028,39.1523],[-1.27028,39.17007],[-1.29952,39.19592],[-1.28377,39.21369],[-1.27703,39.24116],[-1.24329,39.24439],[-1.23204,39.21854],[-1.23879,39.20885],[-1.2073,39.19915],[-1.18931,39.20077],[-1.19606,39.17653],[-1.22755,39.1523],[-1.27028,39.1523]]]}},{"type":"Feature","properties":{"name":"Villamalea","layer":"municipio"},"geometry":{"type":"MultiLineString","coordinates":[[[-1.45246,39.39787],[-1.45471,39.36071],[-1.50644,39.34133]]]}},{"type":"Feature","properties":{"name":"Villatoya","layer":"municipio"},"geometry":{"type":"MultiLineString","coordinates":[[[-1.36249,39.3494],[-1.3355,39.33325],[-1.31976,39.34294],[-1.29952,39.33002],[-1.31301,39.30578],[-1.33775,39.30094],[-1.35799,39.30901],[-1.36249,39.3494]]]}},{"type":"Feature","properties":{"name":"Algarra","layer":"municipio"},"geometry":{"type":"MultiLineString","coordinates":[[[-1.45471,40.05867],[-1.46145,40.06513],[-1.44121,40.06836],[-1.41422,40.08613],[-1.40073,40.06674],[-1.42097,40.04574],[-1.43446,40.04897],[-1.42097,40.02797],[-1.43222,39.99566],[-1.45021,39.96496],[-1.4817,39.98273]]]}},{"type":"Feature","properties":{"name":"Alcal\u00e1 de la Vega","layer":"municipio"},"geometry":{"type":"MultiLineString","coordinates":[[[-1.46145,40.06513],[-1.45471,40.05867],[-1.4727,40.01989]]]}},{"type":"Feature","properties":{"name":"Aliaguilla","layer":"municipio"},"geometry":{"type":"MultiLineString","coordinates":[[[-1.38273,39.74685],[-1.35799,39.77431],[-1.31526,39.79855],[-1.29277,39.77108],[-1.26128,39.75654],[-1.27478,39.73877],[-1.26128,39.69838],[-1.27928,39.67738],[-1.31301,39.67091],[-1.36924,39.6903],[-1.38273,39.71777],[-1.38273,39.74685]]]}},{"type":"Feature","properties":{"name":"Caudete de las Fuentes","layer":"municipio"},"geometry":{"type":"MultiLineString","coordinates":[[[-1.331,39.5352],[-1.32201,39.58044],[-1.26578,39.56105],[-1.23654,39.54166],[-1.23654,39.53197],[-1.27478,39.52551],[-1.31751,39.51581],[-1.331,39.5352]]]}},{"type":"Feature","properties":{"name":"Casas de Garcimolina","layer":"municipio"},"geometry":{"type":"MultiLineString","coordinates":[[[-1.45021,39.96496],[-1.43222,39.99566],[-1.42097,40.02797],[-1.43446,40.04897],[-1.42097,40.04574],[-1.40073,40.06674],[-1.38273,40.03928],[-1.37599,40.01666],[-1.35799,40.01181],[-1.38498,39.99081],[-1.42997,39.96011],[-1.45021,39.96496]]]}},{"type":"Feature","properties":{"name":"Fuentelespino de Moya","layer":"municipio"},"geometry":{"type":"MultiLineString","coordinates":[[[-1.45021,39.96496],[-1.42997,39.96011],[-1.41647,39.92295],[-1.40972,39.9068],[-1.42772,39.89226],[-1.49969,39.89387]]]}},{"type":"Feature","properties":{"name":"Graja de Campalbo","layer":"municipio"},"geometry":{"type":"MultiLineString","coordinates":[[[-1.31526,39.88741],[-1.31526,39.90033],[-1.27253,39.91649],[-1.23429,39.90195],[-1.24104,39.87933],[-1.27703,39.88095],[-1.31526,39.88741]]]}},{"type":"Feature","properties":{"name":"Garaballa","layer":"municipio"},"geometry":{"type":"MultiLineString","coordinates":[[[-1.42997,39.77431],[-1.40972,39.80016],[-1.41422,39.84863],[-1.3535,39.8551],[-1.34,39.84863],[-1.31526,39.79855],[-1.35799,39.77431],[-1.38273,39.74685],[-1.41872,39.75977],[-1.42322,39.76785],[-1.42997,39.77431]]]}},{"type":"Feature","properties":{"name":"Henarejos","layer":"municipio"},"geometry":{"type":"MultiLineString","coordinates":[[[-1.42772,39.89226],[-1.41422,39.87125],[-1.41422,39.84863],[-1.40972,39.80016],[-1.42997,39.77431],[-1.4817,39.77431]]]}},{"type":"Feature","properties":{"name":"Landete","layer":"municipio"},"geometry":{"type":"MultiLineString","coordinates":[[[-1.42772,39.89226],[-1.40972,39.9068],[-1.41647,39.92295],[-1.36699,39.92134],[-1.32876,39.92941],[-1.29727,39.95526],[-1.27928,39.94072],[-1.27253,39.91649],[-1.31526,39.90033],[-1.31526,39.88741],[-1.34,39.84863],[-1.3535,39.8551],[-1.41422,39.84863],[-1.41422,39.87125],[-1.42772,39.89226]]]}},{"type":"Feature","properties":{"name":"Mira","layer":"municipio"},"geometry":{"type":"MultiLineString","coordinates":[[[-1.4592,39.75654],[-1.42322,39.76785],[-1.41872,39.75977],[-1.38273,39.74685],[-1.38273,39.71777],[-1.36924,39.6903],[-1.41872,39.65476],[-1.43671,39.62891],[-1.45246,39.59175],[-1.47045,39.57236]]]}},{"type":"Feature","properties":{"name":"Moya","layer":"municipio"},"geometry":{"type":"MultiLineString","coordinates":[[[-1.42997,39.96011],[-1.38498,39.99081],[-1.35799,40.01181],[-1.3355,40.01666],[-1.30851,40.0102],[-1.27478,40.00373],[-1.29727,39.95526],[-1.32876,39.92941],[-1.36699,39.92134],[-1.41647,39.92295],[-1.42997,39.96011]]]}},{"type":"Feature","properties":{"name":"Narboneta","layer":"municipio"},"geometry":{"type":"MultiLineString","coordinates":[[[-1.42997,39.77431],[-1.42322,39.76785],[-1.4592,39.75654],[-1.50419,39.72261]]]}},{"type":"Feature","properties":{"name":"Salvaca\u00f1ete","layer":"municipio"},"geometry":{"type":"MultiLineString","coordinates":[[[-1.43896,40.19761],[-1.44346,40.1653],[-1.44796,40.14591],[-1.45696,40.1346],[-1.44346,40.11844],[-1.40748,40.10067],[-1.41422,40.08613],[-1.44121,40.06836],[-1.46145,40.06513],[-1.49519,40.07644]]]}},{"type":"Feature","properties":{"name":"Santa Cruz de Moya","layer":"municipio"},"geometry":{"type":"MultiLineString","coordinates":[[[-1.29727,39.95526],[-1.27478,40.00373],[-1.24779,39.99566],[-1.2073,40.00212],[-1.19156,40.00212],[-1.16457,40.0102],[-1.14208,39.97142],[-1.15332,39.96334],[-1.20505,39.9488],[-1.20955,39.9278],[-1.19606,39.91326],[-1.19831,39.87287],[-1.2073,39.8454],[-1.24104,39.87933],[-1.23429,39.90195],[-1.27253,39.91649],[-1.27928,39.94072],[-1.29727,39.95526]]]}},{"type":"Feature","properties":{"name":"Talayuelas","layer":"municipio"},"geometry":{"type":"MultiLineString","coordinates":[[[-1.34,39.84863],[-1.31526,39.88741],[-1.27703,39.88095],[-1.24104,39.87933],[-1.2073,39.8454],[-1.2118,39.83248],[-1.21405,39.80824],[-1.23429,39.78239],[-1.26128,39.75654],[-1.29277,39.77108],[-1.31526,39.79855],[-1.34,39.84863]]]}},{"type":"Feature","properties":{"name":"Anna","layer":"municipio"},"geometry":{"type":"MultiLineString","coordinates":[[[-0.71699,39.02143],[-0.66751,39.02628],[-0.62253,39.04567],[-0.62253,39.02951],[-0.63378,39.02628],[-0.62478,39.00204],[-0.62928,39.00043],[-0.64502,38.98427],[-0.66526,39.00204],[-0.71699,39.02143]]]}},{"type":"Feature","properties":{"name":"Benimuslem","layer":"municipio"},"geometry":{"type":"MultiLineString","coordinates":[[[-0.50783,39.14584],[-0.48534,39.14907],[-0.48758,39.13291],[-0.49433,39.12483],[-0.50783,39.14584]]]}},{"type":"Feature","properties":{"name":"Beniparrell","layer":"municipio"},"geometry":{"type":"MultiLineString","coordinates":[[[-0.43361,39.38333],[-0.42461,39.3898],[-0.39312,39.38495],[-0.42461,39.37687],[-0.43361,39.38333]]]}},{"type":"Feature","properties":{"name":"Benirredr\u00e0","layer":"municipio"},"geometry":{"type":"MultiLineString","coordinates":[[[-0.1907,38.95842],[-0.1907,38.95842]]]}},{"type":"Feature","properties":{"name":"Figueroles","layer":"municipio"},"geometry":{"type":"MultiLineString","coordinates":[[[-0.22894,40.10552],[-0.25592,40.1136],[-0.25143,40.12491],[-0.19745,40.14429],[-0.1862,40.14106],[-0.1952,40.12814],[-0.22219,40.11844],[-0.22894,40.10552]]]}},{"type":"Feature","properties":{"name":"Alfafara","layer":"municipio"},"geometry":{"type":"MultiLineString","coordinates":[[[-0.59554,38.79524],[-0.55956,38.80332],[-0.54831,38.80494],[-0.53257,38.76778],[-0.5663,38.75485],[-0.5843,38.76778],[-0.59554,38.79524]]]}},{"type":"Feature","properties":{"name":"Bugarra","layer":"municipio"},"geometry":{"type":"MultiLineString","coordinates":[[[-0.79796,39.63214],[-0.78897,39.66122],[-0.73049,39.65314],[-0.73949,39.64183],[-0.75523,39.59336],[-0.77547,39.55297],[-0.78897,39.55621],[-0.78897,39.60306],[-0.79796,39.63214]]]}},{"type":"Feature","properties":{"name":"Tormos","layer":"municipio"},"geometry":{"type":"MultiLineString","coordinates":[[[-0.04001,38.80655],[-0.03776,38.80655],[-0.04226,38.80655],[-0.04001,38.80655]],[[-0.08499,38.81625],[-0.067,38.80655],[-0.04676,38.80655],[-0.04451,38.80817],[-0.04451,38.80494],[-0.0715,38.79363],[-0.09624,38.80655],[-0.08499,38.81625]]]}},{"type":"Feature","properties":{"name":"el Real de Gandia","layer":"municipio"},"geometry":{"type":"MultiLineString","coordinates":[[[-0.21994,38.95519],[-0.1817,38.95519],[-0.18845,38.93904],[-0.21094,38.93742],[-0.21994,38.95519]]]}},{"type":"Feature","properties":{"name":"Murla","layer":"municipio"},"geometry":{"type":"MultiLineString","coordinates":[[[-0.09624,38.76616],[-0.08499,38.77909],[-0.05125,38.7597],[-0.0535,38.7597],[-0.08049,38.75647],[-0.09624,38.76616]]]}},{"type":"Feature","properties":{"name":"el R\u00e0fol d'Alm\u00fania","layer":"municipio"},"geometry":{"type":"MultiLineString","coordinates":[[[-0.06475,38.83725],[-0.04226,38.85018],[-0.04001,38.83887],[-0.04451,38.80817],[-0.04676,38.80655],[-0.06475,38.83725]]]}},{"type":"Feature","properties":{"name":"Estubeny","layer":"municipio"},"geometry":{"type":"MultiLineString","coordinates":[[[-0.62478,39.00204],[-0.63378,39.02628],[-0.62253,39.02951],[-0.60004,39.01335],[-0.60229,39.00851],[-0.62478,39.00204]]]}},{"type":"Feature","properties":{"name":"Torralba del Pinar","layer":"municipio"},"geometry":{"type":"MultiLineString","coordinates":[[[-0.48758,40.00535],[-0.48309,40.00858],[-0.46734,40.00697],[-0.4471,40.0312],[-0.44485,40.01343],[-0.42236,39.99889],[-0.42236,39.97627],[-0.4516,39.96981],[-0.48084,39.99242],[-0.48758,40.00535]]]}},{"type":"Feature","properties":{"name":"Torrechiva","layer":"municipio"},"geometry":{"type":"MultiLineString","coordinates":[[[-0.43136,40.03928],[-0.40437,40.07482],[-0.39762,40.07644],[-0.38412,40.04897],[-0.39762,40.02958],[-0.40662,40.02635],[-0.43136,40.03928]]]}},{"type":"Feature","properties":{"name":"Vallat","layer":"municipio"},"geometry":{"type":"MultiLineString","coordinates":[[[-0.34589,40.03766],[-0.34139,40.04412],[-0.3279,40.05382],[-0.3234,40.02958],[-0.33689,40.02312],[-0.34589,40.03766]]]}},{"type":"Feature","properties":{"name":"Vilafam\u00e9s","layer":"municipio"},"geometry":{"type":"MultiLineString","coordinates":[[[-0.14572,40.09582],[-0.12997,40.12975],[-0.10748,40.13137],[-0.08499,40.1653],[-0.06025,40.15399],[-0.02427,40.15399],[-0.00177,40.14591],[0.01847,40.15237],[0.01622,40.14268],[0.00048,40.14106],[-0.00402,40.12006],[-0.04901,40.10067],[-0.05575,40.09098],[-0.06475,40.08128],[-0.09174,40.08452],[-0.10523,40.07482],[-0.11873,40.10067],[-0.14572,40.09582]]]}},{"type":"Feature","properties":{"name":"Vilafranca/Villafranca del Cid","layer":"municipio"},"geometry":{"type":"MultiLineString","coordinates":[[[-0.34589,40.44318],[-0.33464,40.45773],[-0.29416,40.4658],[-0.27167,40.47873],[-0.25368,40.47711],[-0.21319,40.46419],[-0.1907,40.44642],[-0.16371,40.43187],[-0.1817,40.43187],[-0.23118,40.40764],[-0.22894,40.39633],[-0.26042,40.38341],[-0.25817,40.3721],[-0.28067,40.36887],[-0.28291,40.38341],[-0.30765,40.40926],[-0.33239,40.42541],[-0.34589,40.44318]]]}},{"type":"Feature","properties":{"name":"Alcanar","layer":"municipio"},"geometry":{"type":"MultiLineString","coordinates":[[[0.43905,40.54658],[0.47279,40.55466],[0.48404,40.56759],[0.50878,40.56274],[0.52002,40.57728],[0.52452,40.60636],[0.54251,40.63221],[0.54476,40.63221],[0.574,40.61767],[0.58075,40.60313],[0.53802,40.56759],[0.51552,40.52235],[0.43905,40.54658]]]}},{"type":"Feature","properties":{"name":"Benifallet","layer":"municipio"},"geometry":{"type":"MultiLineString","coordinates":[[[0.4458,40.96503],[0.4548,40.97796],[0.48629,40.97634],[0.50653,40.99573],[0.53577,41.00058],[0.55826,41.01512],[0.574,41.00058],[0.565,40.98442],[0.59199,40.95211],[0.5875,40.9408],[0.55151,40.94726],[0.49303,40.9311],[0.49078,40.92464],[0.49078,40.94241],[0.46604,40.94564],[0.4458,40.95372],[0.4458,40.96503]]]}},{"type":"Feature","properties":{"name":"Benissanet","layer":"municipio"},"geometry":{"type":"MultiLineString","coordinates":[[[0.49978,41.06359],[0.53352,41.09105],[0.56725,41.07651],[0.59199,41.07974],[0.65722,41.0652],[0.65047,41.05066],[0.62573,41.05228],[0.60774,41.05228],[0.5875,41.06682],[0.54926,41.07005],[0.52677,41.06359],[0.50203,41.06035],[0.49978,41.06359]]]}},{"type":"Feature","properties":{"name":"Aldover","layer":"municipio"},"geometry":{"type":"MultiLineString","coordinates":[[[0.41656,40.85517],[0.42106,40.86163],[0.4458,40.86325],[0.46379,40.8794],[0.49753,40.89233],[0.50653,40.88425],[0.51327,40.85678],[0.46829,40.84871],[0.41656,40.85517]]]}},{"type":"Feature","properties":{"name":"Alfara de Carles","layer":"municipio"},"geometry":{"type":"MultiLineString","coordinates":[[[0.25687,40.80024],[0.27262,40.81963],[0.29061,40.81639],[0.31085,40.83901],[0.3311,40.84709],[0.36258,40.88102],[0.44355,40.91818],[0.4458,40.89718],[0.41656,40.87294],[0.42106,40.86163],[0.41656,40.85517],[0.41881,40.84548],[0.36258,40.8277],[0.3266,40.80347],[0.31985,40.81316],[0.3086,40.81801],[0.25687,40.80024]]]}},{"type":"Feature","properties":{"name":"L'Ametlla de Mar","layer":"municipio"},"geometry":{"type":"MultiLineString","coordinates":[[[0.68421,40.9408],[0.69995,40.94403],[0.74044,40.93918],[0.75168,40.93272],[0.81916,40.9408],[0.85739,40.93434],[0.79666,40.87617],[0.79217,40.86648],[0.75168,40.84548],[0.74493,40.85355],[0.75168,40.8891],[0.73594,40.91656],[0.7157,40.91818],[0.68421,40.9408]]]}},{"type":"Feature","properties":{"name":"Amposta","layer":"municipio"},"geometry":{"type":"MultiLineString","coordinates":[[[0.55151,40.74369],[0.56725,40.74854],[0.574,40.73238],[0.5785,40.71623],[0.59874,40.70815],[0.61898,40.70653],[0.67521,40.72107],[0.67971,40.70007],[0.74493,40.67099],[0.79441,40.65645],[0.74943,40.63544],[0.74493,40.63544],[0.72694,40.64029],[0.68871,40.63544],[0.66397,40.62575],[0.62798,40.65322],[0.60099,40.64191],[0.57625,40.64837],[0.53802,40.64675],[0.54251,40.65645],[0.53352,40.67907],[0.53352,40.69361],[0.54701,40.71299],[0.55151,40.74369]]]}},{"type":"Feature","properties":{"name":"L'Argentera","layer":"municipio"},"geometry":{"type":"MultiLineString","coordinates":[[[0.91362,41.12498],[0.89563,41.10882],[0.88438,41.1169]]]}},{"type":"Feature","properties":{"name":"Arnes","layer":"municipio"},"geometry":{"type":"MultiLineString","coordinates":[[[0.25463,40.86971],[0.23888,40.88425],[0.25013,40.89556],[0.25463,40.91979],[0.27487,40.93595],[0.3086,40.90041],[0.28836,40.86486],[0.31085,40.83901],[0.29061,40.81639],[0.27262,40.81963],[0.25013,40.85517],[0.25463,40.86971]]]}},{"type":"Feature","properties":{"name":"Asc\u00f3","layer":"municipio"},"geometry":{"type":"MultiLineString","coordinates":[[[0.56725,41.11852],[0.55376,41.11852],[0.48853,41.14437]]]}},{"type":"Feature","properties":{"name":"Garcia","layer":"municipio"},"geometry":{"type":"MultiLineString","coordinates":[[[0.71345,41.1169],[0.71345,41.10559],[0.6977,41.10398],[0.63473,41.12013],[0.61224,41.12983]]]}},{"type":"Feature","properties":{"name":"Ginestar","layer":"municipio"},"geometry":{"type":"MultiLineString","coordinates":[[[0.60549,41.02481],[0.62573,41.05228],[0.65047,41.05066],[0.66397,41.04097],[0.65047,41.00542],[0.63248,41.00381],[0.62798,41.01512],[0.60549,41.02481]]]}},{"type":"Feature","properties":{"name":"Godall","layer":"municipio"},"geometry":{"type":"MultiLineString","coordinates":[[[0.40532,40.6823],[0.4593,40.6726],[0.50428,40.69845],[0.51777,40.68714],[0.49528,40.66776],[0.48853,40.6516],[0.47954,40.63868],[0.4458,40.62413],[0.42556,40.63868],[0.43905,40.65645],[0.40082,40.67422],[0.40532,40.6823]]]}},{"type":"Feature","properties":{"name":"Els Guiamets","layer":"municipio"},"geometry":{"type":"MultiLineString","coordinates":[[[0.71345,41.10559],[0.71345,41.1169],[0.75843,41.1169],[0.76068,41.12336],[0.76967,41.12175],[0.76743,41.09267],[0.76068,41.08459],[0.73144,41.10398],[0.71345,41.10559]]]}},{"type":"Feature","properties":{"name":"Horta de Sant Joan","layer":"municipio"},"geometry":{"type":"MultiLineString","coordinates":[[[0.27487,40.93595],[0.28162,40.97473],[0.28162,40.98765],[0.25912,41.01512],[0.27937,41.01996],[0.32435,41.00704],[0.33559,41.00865],[0.36708,41.00219],[0.34909,40.98604],[0.37608,40.97473],[0.37158,40.94241],[0.36258,40.90849],[0.36933,40.89071],[0.36258,40.88102],[0.3311,40.84709],[0.31085,40.83901],[0.28836,40.86486],[0.3086,40.90041],[0.27487,40.93595]]]}},{"type":"Feature","properties":{"name":"Batea","layer":"municipio"},"geometry":{"type":"MultiLineString","coordinates":[[[0.21864,41.07489],[0.20065,41.08459],[0.20964,41.1169],[0.20065,41.12498],[0.21864,41.13144]],[[0.33784,41.12175],[0.38058,41.11205],[0.38058,41.08782],[0.36033,41.07166],[0.36033,41.04904],[0.34234,41.0442],[0.28611,41.06359],[0.27487,41.07005],[0.23663,41.07005],[0.21864,41.07489]]]}},{"type":"Feature","properties":{"name":"Bot","layer":"municipio"},"geometry":{"type":"MultiLineString","coordinates":[[[0.33559,41.00865],[0.33334,41.03612],[0.34234,41.0442],[0.36033,41.04904],[0.37833,41.04743],[0.42106,41.00704],[0.37608,40.97473],[0.34909,40.98604],[0.36708,41.00219],[0.33559,41.00865]]]}},{"type":"Feature","properties":{"name":"El Masroig","layer":"municipio"},"geometry":{"type":"MultiLineString","coordinates":[[[0.76068,41.12336],[0.75843,41.1169],[0.71345,41.1169],[0.6977,41.13467]]]}},{"type":"Feature","properties":{"name":"Cambrils","layer":"municipio"},"geometry":{"type":"MultiLineString","coordinates":[[[0.98559,41.10074],[1.03057,41.11529],[1.06206,41.07328],[1.07106,41.07813],[1.0823,41.10074],[1.09355,41.10398],[1.1003,41.0862],[1.11829,41.07328],[1.0823,41.06359],[1.04632,41.06359],[1.02383,41.05228],[0.99908,41.07328],[0.98559,41.10074]]]}},{"type":"Feature","properties":{"name":"Cap\u00e7anes","layer":"municipio"},"geometry":{"type":"MultiLineString","coordinates":[[[0.76743,41.09267],[0.76967,41.12175],[0.81016,41.11205],[0.8259,41.10236],[0.8304,41.11367],[0.8439,41.09913],[0.8259,41.09751],[0.81466,41.06682],[0.79217,41.07166],[0.76743,41.09267]]]}},{"type":"Feature","properties":{"name":"Caseres","layer":"municipio"},"geometry":{"type":"MultiLineString","coordinates":[[[0.21864,41.07489],[0.23663,41.07005],[0.27487,41.07005],[0.28611,41.06359],[0.34234,41.0442],[0.33334,41.03612],[0.33559,41.00865],[0.32435,41.00704],[0.27937,41.01996],[0.24563,41.04097],[0.23438,41.0345],[0.22089,41.07166],[0.21864,41.07489]]]}},{"type":"Feature","properties":{"name":"La S\u00e9nia","layer":"municipio"},"geometry":{"type":"MultiLineString","coordinates":[[[0.17141,40.73238],[0.17591,40.74208],[0.23213,40.77923],[0.27262,40.77923],[0.27712,40.77277],[0.29286,40.75015],[0.27712,40.73238],[0.30411,40.70168],[0.33784,40.68391],[0.35134,40.65968],[0.35809,40.64675],[0.32885,40.61121],[0.31085,40.61767],[0.27937,40.6306],[0.26587,40.64514],[0.26812,40.65968],[0.29286,40.68714],[0.26137,40.70653],[0.23888,40.70168],[0.22539,40.73238],[0.1984,40.7243],[0.17141,40.73238]]]}},{"type":"Feature","properties":{"name":"Colldejou","layer":"municipio"},"geometry":{"type":"MultiLineString","coordinates":[[[0.8259,41.12013],[0.83265,41.12175],[0.85289,41.11044],[0.88438,41.1169],[0.89563,41.10882],[0.91362,41.08136],[0.87313,41.08459],[0.8439,41.09913],[0.8304,41.11367],[0.8259,41.12013]]]}},{"type":"Feature","properties":{"name":"Corbera d'Ebre","layer":"municipio"},"geometry":{"type":"MultiLineString","coordinates":[[[0.52227,41.09751],[0.53577,41.09751],[0.53352,41.09105],[0.49978,41.06359],[0.47954,41.05551],[0.44805,41.08136],[0.42106,41.08944],[0.41656,41.10236]]]}},{"type":"Feature","properties":{"name":"Xerta","layer":"municipio"},"geometry":{"type":"MultiLineString","coordinates":[[[0.42106,40.86163],[0.41656,40.87294],[0.4458,40.89718],[0.44355,40.91818],[0.46604,40.94564],[0.49078,40.94241],[0.49078,40.92464],[0.50878,40.90687],[0.48629,40.89879],[0.49753,40.89233],[0.46379,40.8794],[0.4458,40.86325],[0.42106,40.86163]]]}},{"type":"Feature","properties":{"name":"La Fatarella","layer":"municipio"},"geometry":{"type":"MultiLineString","coordinates":[[[0.55376,41.11852],[0.53577,41.09751],[0.52227,41.09751],[0.49078,41.14114]]]}},{"type":"Feature","properties":{"name":"Freginals","layer":"municipio"},"geometry":{"type":"MultiLineString","coordinates":[[[0.48853,40.6516],[0.49528,40.66776],[0.51777,40.68714],[0.53352,40.67907],[0.54251,40.65645],[0.53802,40.64675],[0.54476,40.63221],[0.54251,40.63221],[0.51327,40.63868],[0.48853,40.6516]]]}},{"type":"Feature","properties":{"name":"La Galera","layer":"municipio"},"geometry":{"type":"MultiLineString","coordinates":[[[0.38507,40.69522],[0.42781,40.72107],[0.4503,40.70653],[0.48404,40.70007],[0.50428,40.7033],[0.50428,40.69845],[0.4593,40.6726],[0.40532,40.6823],[0.38507,40.69522]]]}},{"type":"Feature","properties":{"name":"Gandesa","layer":"municipio"},"geometry":{"type":"MultiLineString","coordinates":[[[0.36033,41.04904],[0.36033,41.07166],[0.38058,41.08782],[0.38058,41.11205],[0.41656,41.10236],[0.42106,41.08944],[0.44805,41.08136],[0.47954,41.05551],[0.49978,41.06359],[0.50203,41.06035],[0.4503,41.01996],[0.45705,41.00219],[0.4413,40.99411],[0.42106,41.00704],[0.37833,41.04743],[0.36033,41.04904]]]}},{"type":"Feature","properties":{"name":"Mar\u00e7\u00e0","layer":"municipio"},"geometry":{"type":"MultiLineString","coordinates":[[[0.8259,41.12013],[0.8304,41.11367],[0.8259,41.10236],[0.81016,41.11205],[0.76967,41.12175],[0.76068,41.12336]]]}},{"type":"Feature","properties":{"name":"Mas de Barberans","layer":"municipio"},"geometry":{"type":"MultiLineString","coordinates":[[[0.29286,40.75015],[0.31085,40.74531],[0.32885,40.76146],[0.38507,40.76308],[0.41206,40.74046],[0.44355,40.73723],[0.42781,40.72107],[0.38507,40.69522],[0.35134,40.65968],[0.33784,40.68391],[0.30411,40.70168],[0.27712,40.73238],[0.29286,40.75015]]]}},{"type":"Feature","properties":{"name":"Masdenverge","layer":"municipio"},"geometry":{"type":"MultiLineString","coordinates":[[[0.50428,40.7033],[0.54251,40.74531],[0.55151,40.74369],[0.54701,40.71299],[0.53352,40.69361],[0.53352,40.67907],[0.51777,40.68714],[0.50428,40.69845],[0.50428,40.7033]]]}},{"type":"Feature","properties":{"name":"l'Alqueria d'Asnar","layer":"municipio"},"geometry":{"type":"MultiLineString","coordinates":[[[-0.40437,38.76616],[-0.41111,38.76778],[-0.40437,38.76616]],[[-0.41786,38.77101],[-0.42911,38.77101],[-0.41786,38.77101]],[[-0.40437,38.77747],[-0.40212,38.77424],[-0.40437,38.77747]]]}},{"type":"Feature","properties":{"name":"Miravet","layer":"municipio"},"geometry":{"type":"MultiLineString","coordinates":[[[0.52677,41.06359],[0.54926,41.07005],[0.5875,41.06682],[0.60774,41.05228],[0.62573,41.05228],[0.60549,41.02481],[0.574,41.00058],[0.55826,41.01512],[0.5695,41.01835],[0.54476,41.05066],[0.52677,41.06359]]]}},{"type":"Feature","properties":{"name":"Montbri\u00f3 del Camp","layer":"municipio"},"geometry":{"type":"MultiLineString","coordinates":[[[1.02607,41.12175],[1.03057,41.11529],[0.98559,41.10074],[0.97434,41.11529]]]}},{"type":"Feature","properties":{"name":"la Vall d'Ebo","layer":"municipio"},"geometry":{"type":"MultiLineString","coordinates":[[[-0.21094,38.79201],[-0.1952,38.81463],[-0.16146,38.83402],[-0.15696,38.83402],[-0.12548,38.81302],[-0.13222,38.79848],[-0.13222,38.79686],[-0.17496,38.77263],[-0.1952,38.76939],[-0.1997,38.77101],[-0.21094,38.79201]]]}},{"type":"Feature","properties":{"name":"Mont-roig del Camp","layer":"municipio"},"geometry":{"type":"MultiLineString","coordinates":[[[0.90687,41.02481],[0.92037,41.05551],[0.91362,41.08136],[0.93386,41.08136],[0.94061,41.10398],[0.97659,41.09913],[0.96985,41.11044],[0.97434,41.11529],[0.98559,41.10074],[0.99908,41.07328],[1.02383,41.05228],[0.98334,41.03935],[0.9541,41.01835],[0.93161,40.99088],[0.92486,40.9925],[0.90687,41.02481]]]}},{"type":"Feature","properties":{"name":"M\u00f3ra d'Ebre","layer":"municipio"},"geometry":{"type":"MultiLineString","coordinates":[[[0.53352,41.09105],[0.53577,41.09751],[0.55376,41.11852],[0.56725,41.11852],[0.5875,41.13629]],[[0.63473,41.12013],[0.64372,41.09267],[0.65722,41.08459],[0.65722,41.06682],[0.65722,41.0652],[0.59199,41.07974],[0.56725,41.07651],[0.53352,41.09105]]]}},{"type":"Feature","properties":{"name":"M\u00f3ra la Nova","layer":"municipio"},"geometry":{"type":"MultiLineString","coordinates":[[[0.63473,41.12013],[0.6977,41.10398],[0.68421,41.07651],[0.65722,41.06682],[0.65722,41.08459],[0.64372,41.09267],[0.63473,41.12013]]]}},{"type":"Feature","properties":{"name":"Riudoms","layer":"municipio"},"geometry":{"type":"MultiLineString","coordinates":[[[1.1003,41.11367],[1.09355,41.10398],[1.0823,41.10074],[1.07106,41.09751],[1.03732,41.12821],[1.02607,41.12175],[1.02383,41.13306]]]}},{"type":"Feature","properties":{"name":"Pa\u00fcls","layer":"municipio"},"geometry":{"type":"MultiLineString","coordinates":[[[0.36258,40.88102],[0.36933,40.89071],[0.36258,40.90849],[0.37158,40.94241],[0.39407,40.95534],[0.4458,40.96503],[0.4458,40.95372],[0.46604,40.94564],[0.44355,40.91818],[0.36258,40.88102]]]}},{"type":"Feature","properties":{"name":"Balones","layer":"municipio"},"geometry":{"type":"MultiLineString","coordinates":[[[-0.35938,38.75001],[-0.33239,38.7597],[-0.3144,38.76778],[-0.31215,38.74354]]]}},{"type":"Feature","properties":{"name":"El Perell\u00f3","layer":"municipio"},"geometry":{"type":"MultiLineString","coordinates":[[[0.59649,40.9408],[0.60774,40.9311],[0.66621,40.94403],[0.68421,40.9408],[0.7157,40.91818],[0.73594,40.91656],[0.75168,40.8891],[0.74493,40.85355],[0.75168,40.84548],[0.73594,40.82447],[0.72019,40.84224],[0.69096,40.85032],[0.65947,40.82286],[0.64147,40.82124],[0.63473,40.83901],[0.66397,40.86809],[0.65047,40.89394],[0.61673,40.8891],[0.61449,40.92464],[0.59649,40.9408]]]}},{"type":"Feature","properties":{"name":"El Pinell de Brai","layer":"municipio"},"geometry":{"type":"MultiLineString","coordinates":[[[0.4413,40.99411],[0.45705,41.00219],[0.4503,41.01996],[0.50203,41.06035],[0.52677,41.06359],[0.54476,41.05066],[0.5695,41.01835],[0.55826,41.01512],[0.53577,41.00058],[0.50653,40.99573],[0.48629,40.97634],[0.4548,40.97796],[0.4413,40.99411]]]}},{"type":"Feature","properties":{"name":"Beniarbeig","layer":"municipio"},"geometry":{"type":"MultiLineString","coordinates":[[[-0.03326,38.82756],[-0.01977,38.83887],[0.00497,38.82917],[0.00497,38.80979],[-0.00852,38.80655],[-0.00852,38.78717],[-0.01752,38.80655],[-0.01752,38.81948],[-0.03326,38.82756]]]}},{"type":"Feature","properties":{"name":"Pradell de la Teixeta","layer":"municipio"},"geometry":{"type":"MultiLineString","coordinates":[[[0.83265,41.12175],[0.8259,41.12013]]]}},{"type":"Feature","properties":{"name":"Prat de Comte","layer":"municipio"},"geometry":{"type":"MultiLineString","coordinates":[[[0.37158,40.94241],[0.37608,40.97473],[0.42106,41.00704],[0.4413,40.99411],[0.4548,40.97796],[0.4458,40.96503],[0.39407,40.95534],[0.37158,40.94241]]]}},{"type":"Feature","properties":{"name":"Pratdip","layer":"municipio"},"geometry":{"type":"MultiLineString","coordinates":[[[0.8349,41.05228],[0.85739,41.06197],[0.85064,41.07813],[0.87313,41.08459],[0.91362,41.08136],[0.92037,41.05551],[0.90687,41.02481],[0.8439,41.03127],[0.8349,41.05228]]]}},{"type":"Feature","properties":{"name":"Rasquera","layer":"municipio"},"geometry":{"type":"MultiLineString","coordinates":[[[0.574,41.00058],[0.60549,41.02481],[0.62798,41.01512],[0.63248,41.00381],[0.64372,40.99573],[0.66621,40.94403],[0.60774,40.9311],[0.59649,40.9408],[0.5875,40.9408],[0.59199,40.95211],[0.565,40.98442],[0.574,41.00058]]]}},{"type":"Feature","properties":{"name":"Reus","layer":"municipio"},"geometry":{"type":"MultiLineString","coordinates":[[[1.17677,41.10882],[1.16552,41.10882],[1.15203,41.12336],[1.12054,41.12983]],[[1.12504,41.10236],[1.1003,41.11367],[1.0823,41.14437]]]}},{"type":"Feature","properties":{"name":"Tarragona","layer":"municipio"},"geometry":{"type":"MultiLineString","coordinates":[[[1.3432,41.12498],[1.29372,41.12659],[1.25773,41.11367],[1.224,41.09105],[1.22175,41.10559],[1.19701,41.09267],[1.19026,41.10074],[1.20151,41.10721],[1.18801,41.12821]]]}},{"type":"Feature","properties":{"name":"Tivenys","layer":"municipio"},"geometry":{"type":"MultiLineString","coordinates":[[[0.49078,40.92464],[0.49303,40.9311],[0.55151,40.94726],[0.5875,40.9408],[0.59649,40.9408],[0.61449,40.92464],[0.61673,40.8891],[0.60324,40.89718],[0.56051,40.88748],[0.53802,40.89071],[0.50653,40.88425],[0.49753,40.89233],[0.48629,40.89879],[0.50878,40.90687],[0.49078,40.92464]]]}},{"type":"Feature","properties":{"name":"Riudecanyes","layer":"municipio"},"geometry":{"type":"MultiLineString","coordinates":[[[0.97434,41.11529],[0.96985,41.11044],[0.94061,41.12498],[0.91362,41.12498]]]}},{"type":"Feature","properties":{"name":"Roquetes","layer":"municipio"},"geometry":{"type":"MultiLineString","coordinates":[[[0.27712,40.77277],[0.30411,40.78085],[0.28162,40.80024],[0.31985,40.81316],[0.3266,40.80347],[0.36258,40.81963],[0.40757,40.82609],[0.41881,40.84548],[0.46154,40.82932],[0.50203,40.8277],[0.51103,40.80993],[0.49528,40.78893],[0.47729,40.78247],[0.46829,40.73723],[0.44355,40.73723],[0.41206,40.74046],[0.38507,40.76308],[0.32885,40.76146],[0.31085,40.74531],[0.29286,40.75015],[0.27712,40.77277]]]}},{"type":"Feature","properties":{"name":"Tivissa","layer":"municipio"},"geometry":{"type":"MultiLineString","coordinates":[[[0.63248,41.00381],[0.65047,41.00542],[0.66397,41.04097],[0.65047,41.05066],[0.65722,41.0652],[0.65722,41.06682],[0.68421,41.07651],[0.6977,41.10398],[0.71345,41.10559],[0.73144,41.10398],[0.76068,41.08459],[0.76743,41.09267],[0.79217,41.07166],[0.81466,41.06682],[0.8259,41.09751],[0.8439,41.09913],[0.87313,41.08459],[0.85064,41.07813],[0.85739,41.06197],[0.8349,41.05228],[0.81691,41.06197],[0.78542,41.02481],[0.77417,40.99573],[0.81916,40.9408],[0.75168,40.93272],[0.74044,40.93918],[0.69995,40.94403],[0.68421,40.9408],[0.66621,40.94403],[0.64372,40.99573],[0.63248,41.00381]]]}},{"type":"Feature","properties":{"name":"La Torre de Fontaubella","layer":"municipio"},"geometry":{"type":"MultiLineString","coordinates":[[[0.88438,41.1169],[0.85289,41.11044],[0.83265,41.12175]]]}},{"type":"Feature","properties":{"name":"La R\u00e0pita","layer":"municipio"},"geometry":{"type":"MultiLineString","coordinates":[[[0.66397,40.62575],[0.60099,40.62252],[0.58075,40.60313],[0.574,40.61767],[0.54476,40.63221],[0.53802,40.64675],[0.57625,40.64837],[0.60099,40.64191],[0.62798,40.65322],[0.66397,40.62575]],[[0.74493,40.63544],[0.74943,40.63544],[0.7067,40.58536],[0.67746,40.56436],[0.62348,40.55143],[0.60099,40.56113],[0.59199,40.57728],[0.61673,40.57728],[0.61673,40.58536],[0.64822,40.57243],[0.65947,40.59182],[0.7067,40.59021],[0.74493,40.63544]]]}},{"type":"Feature","properties":{"name":"Santa B\u00e0rbara","layer":"municipio"},"geometry":{"type":"MultiLineString","coordinates":[[[0.42781,40.72107],[0.44355,40.73723],[0.46829,40.73723],[0.50653,40.73884],[0.54251,40.74531],[0.50428,40.7033],[0.48404,40.70007],[0.4503,40.70653],[0.42781,40.72107]]]}},{"type":"Feature","properties":{"name":"Tortosa","layer":"municipio"},"geometry":{"type":"MultiLineString","coordinates":[[[0.25687,40.80024],[0.3086,40.81801],[0.31985,40.81316],[0.28162,40.80024],[0.30411,40.78085],[0.27712,40.77277],[0.27262,40.77923],[0.23213,40.77923],[0.25687,40.80024]],[[0.50653,40.88425],[0.53802,40.89071],[0.56051,40.88748],[0.60324,40.89718],[0.61673,40.8891],[0.65047,40.89394],[0.66397,40.86809],[0.63473,40.83901],[0.64147,40.82124],[0.61449,40.81316],[0.60774,40.8067],[0.60999,40.76308],[0.5875,40.75177],[0.5875,40.73561],[0.574,40.73238],[0.56725,40.74854],[0.55151,40.74369],[0.54251,40.74531],[0.50653,40.73884],[0.46829,40.73723],[0.47729,40.78247],[0.49528,40.78893],[0.51103,40.80993],[0.50203,40.8277],[0.46154,40.82932],[0.41881,40.84548],[0.41656,40.85517],[0.46829,40.84871],[0.51327,40.85678],[0.50653,40.88425]],[[0.41881,40.84548],[0.40757,40.82609],[0.36258,40.81963],[0.3266,40.80347],[0.36258,40.8277],[0.41881,40.84548]]]}},{"type":"Feature","properties":{"name":"Ulldecona","layer":"municipio"},"geometry":{"type":"MultiLineString","coordinates":[[[0.32885,40.61121],[0.35809,40.64675],[0.35134,40.65968],[0.38507,40.69522],[0.40532,40.6823],[0.40082,40.67422],[0.43905,40.65645],[0.42556,40.63868],[0.4458,40.62413],[0.47954,40.63868],[0.48853,40.6516],[0.51327,40.63868],[0.54251,40.63221],[0.52452,40.60636],[0.52002,40.57728],[0.50878,40.56274],[0.48404,40.56759],[0.47279,40.55466],[0.43905,40.54658],[0.43231,40.56597],[0.44355,40.5789],[0.42331,40.58374],[0.41656,40.58859],[0.39182,40.60475],[0.32885,40.61121]]]}},{"type":"Feature","properties":{"name":"Vandell\u00f2s i l'Hospitalet de l'Infant","layer":"municipio"},"geometry":{"type":"MultiLineString","coordinates":[[[0.81916,40.9408],[0.77417,40.99573],[0.78542,41.02481],[0.81691,41.06197],[0.8349,41.05228],[0.8439,41.03127],[0.90687,41.02481],[0.92486,40.9925],[0.93161,40.99088],[0.90012,40.97634],[0.85739,40.93434],[0.81916,40.9408]]]}},{"type":"Feature","properties":{"name":"Vilanova d'Escornalbou","layer":"municipio"},"geometry":{"type":"MultiLineString","coordinates":[[[0.89563,41.10882],[0.91362,41.12498],[0.94061,41.12498],[0.96985,41.11044],[0.97659,41.09913],[0.94061,41.10398],[0.93386,41.08136],[0.91362,41.08136],[0.89563,41.10882]]]}},{"type":"Feature","properties":{"name":"Vila-seca","layer":"municipio"},"geometry":{"type":"MultiLineString","coordinates":[[[1.09355,41.10398],[1.1003,41.11367],[1.12504,41.10236],[1.12054,41.12983]],[[1.15203,41.12336],[1.16552,41.10882],[1.19026,41.10074],[1.19701,41.09267],[1.18126,41.06682],[1.17002,41.08459],[1.15203,41.09428],[1.12054,41.09428],[1.1003,41.0862],[1.09355,41.10398]]]}},{"type":"Feature","properties":{"name":"Benidoleig","layer":"municipio"},"geometry":{"type":"MultiLineString","coordinates":[[[-0.04451,38.80817],[-0.04226,38.80655],[-0.03776,38.80655],[-0.01752,38.80655],[-0.00852,38.78717],[-0.00852,38.78232],[-0.02651,38.77586],[-0.04226,38.78717],[-0.04451,38.80494],[-0.04451,38.80817]]]}},{"type":"Feature","properties":{"name":"Vilalba dels Arcs","layer":"municipio"},"geometry":{"type":"MultiLineString","coordinates":[[[0.41656,41.10236],[0.38058,41.11205],[0.33784,41.12175],[0.34459,41.15406]]]}},{"type":"Feature","properties":{"name":"Vinyols i els Arcs","layer":"municipio"},"geometry":{"type":"MultiLineString","coordinates":[[[1.02607,41.12175],[1.03732,41.12821],[1.07106,41.09751],[1.0823,41.10074],[1.07106,41.07813],[1.06206,41.07328],[1.03057,41.11529],[1.02607,41.12175]]]}},{"type":"Feature","properties":{"name":"Deltebre","layer":"municipio"},"geometry":{"type":"MultiLineString","coordinates":[[[0.59874,40.70815],[0.64147,40.73561],[0.7022,40.76954],[0.72019,40.77923],[0.72919,40.76954],[0.76293,40.76146],[0.78317,40.77116],[0.73369,40.79216],[0.76743,40.79216],[0.8214,40.74046],[0.84165,40.73077],[0.85514,40.73723],[0.87313,40.71946],[0.84165,40.71461],[0.79441,40.69361],[0.75168,40.70976],[0.68871,40.71299],[0.67521,40.72107],[0.61898,40.70653],[0.59874,40.70815]]]}},{"type":"Feature","properties":{"name":"Sant Jaume d'Enveja","layer":"municipio"},"geometry":{"type":"MultiLineString","coordinates":[[[0.67521,40.72107],[0.68871,40.71299],[0.75168,40.70976],[0.79441,40.69361],[0.84165,40.71461],[0.87313,40.71946],[0.86639,40.69522],[0.84839,40.67907],[0.79441,40.65645],[0.74493,40.67099],[0.67971,40.70007],[0.67521,40.72107]]]}},{"type":"Feature","properties":{"name":"Camarles","layer":"municipio"},"geometry":{"type":"MultiLineString","coordinates":[[[0.61449,40.81316],[0.64147,40.82124],[0.67521,40.78085],[0.7022,40.76954],[0.64147,40.73561],[0.64147,40.74692],[0.61449,40.81316]]]}},{"type":"Feature","properties":{"name":"La Canonja","layer":"municipio"},"geometry":{"type":"MultiLineString","coordinates":[[[1.16552,41.10882],[1.17677,41.10882],[1.16552,41.1379]],[[1.18801,41.12821],[1.20151,41.10721],[1.19026,41.10074],[1.16552,41.10882]]]}},{"type":"Feature","properties":{"name":"D\u00e9nia","layer":"municipio"},"geometry":{"type":"MultiLineString","coordinates":[[[-0.04226,38.85018],[-0.04226,38.85664],[-0.02427,38.87279],[-0.03776,38.88734],[-0.02202,38.87603],[0.03421,38.85987],[0.0522,38.8631],[0.09494,38.85341],[0.12418,38.83402],[0.14667,38.8324],[0.16691,38.81786],[0.15566,38.80494],[0.10618,38.80817],[0.10618,38.76616],[0.12418,38.76939],[0.11743,38.74839],[0.08819,38.74678]],[[0.10169,38.78232],[0.07245,38.79363],[0.0612,38.81463],[0.03421,38.81948],[0.03646,38.83725],[0.02297,38.83887],[0.02072,38.84371],[0.03196,38.85502],[0.00497,38.8631],[-0.02202,38.86795],[-0.02202,38.84533],[-0.04001,38.83887],[-0.04226,38.85018]]]}},{"type":"Feature","properties":{"name":"L'Aldea","layer":"municipio"},"geometry":{"type":"MultiLineString","coordinates":[[[0.574,40.73238],[0.5875,40.73561],[0.5875,40.75177],[0.60999,40.76308],[0.60774,40.8067],[0.61449,40.81316],[0.64147,40.74692],[0.64147,40.73561],[0.59874,40.70815],[0.5785,40.71623],[0.574,40.73238]]]}},{"type":"Feature","properties":{"name":"Salou","layer":"municipio"},"geometry":{"type":"MultiLineString","coordinates":[[[1.1003,41.0862],[1.12054,41.09428],[1.15203,41.09428],[1.17002,41.08459],[1.18126,41.06682],[1.17227,41.05551],[1.14303,41.07166],[1.11829,41.07328],[1.1003,41.0862]]]}},{"type":"Feature","properties":{"name":"L'Ampolla","layer":"municipio"},"geometry":{"type":"MultiLineString","coordinates":[[[0.64147,40.82124],[0.65947,40.82286],[0.69096,40.85032],[0.72019,40.84224],[0.73594,40.82447],[0.69995,40.80024],[0.72019,40.77923],[0.7022,40.76954],[0.67521,40.78085],[0.64147,40.82124]]]}},{"type":"Feature","properties":{"name":"l'Atz\u00fabia","layer":"municipio"},"geometry":{"type":"MultiLineString","coordinates":[[[-0.1952,38.85987],[-0.19745,38.86633],[-0.16146,38.88734],[-0.14797,38.85825],[-0.15696,38.83402],[-0.16146,38.83402],[-0.17945,38.85664],[-0.1952,38.85987]]]}},{"type":"Feature","properties":{"name":"Agres","layer":"municipio"},"geometry":{"type":"MultiLineString","coordinates":[[[-0.54831,38.80494],[-0.53482,38.80979],[-0.52582,38.80979],[-0.47859,38.80494],[-0.47634,38.78394],[-0.49433,38.77263],[-0.50783,38.75485],[-0.53257,38.76778],[-0.54831,38.80494]]]}},{"type":"Feature","properties":{"name":"Alcalal\u00ed","layer":"municipio"},"geometry":{"type":"MultiLineString","coordinates":[[[-0.0535,38.7597],[-0.05125,38.7597],[-0.02651,38.77586],[-0.00852,38.78232],[0.00722,38.76939],[-0.03101,38.75647],[-0.05125,38.71769]]]}},{"type":"Feature","properties":{"name":"Alcosser","layer":"municipio"},"geometry":{"type":"MultiLineString","coordinates":[[[-0.41561,38.80009],[-0.38862,38.80655],[-0.38412,38.78878],[-0.40212,38.78555],[-0.41561,38.80009]]]}},{"type":"Feature","properties":{"name":"Almudaina","layer":"municipio"},"geometry":{"type":"MultiLineString","coordinates":[[[-0.38188,38.76616],[-0.37738,38.77747],[-0.34814,38.77424],[-0.33239,38.7597],[-0.35938,38.75001],[-0.36163,38.75001],[-0.38188,38.76616]]]}},{"type":"Feature","properties":{"name":"Gaianes","layer":"municipio"},"geometry":{"type":"MultiLineString","coordinates":[[[-0.43136,38.82594],[-0.40437,38.8324],[-0.38637,38.80979],[-0.38862,38.80655],[-0.41561,38.80009],[-0.43136,38.82594]]]}},{"type":"Feature","properties":{"name":"Banyeres de Mariola","layer":"municipio"},"geometry":{"type":"MultiLineString","coordinates":[[[-0.74398,38.75485],[-0.73274,38.75647],[-0.71699,38.75001],[-0.70575,38.73385]]]}},{"type":"Feature","properties":{"name":"Beniarr\u00e9s","layer":"municipio"},"geometry":{"type":"MultiLineString","coordinates":[[[-0.40437,38.8324],[-0.40212,38.84048],[-0.38188,38.83402],[-0.35489,38.85018],[-0.32115,38.81463],[-0.38637,38.80979],[-0.40437,38.8324]]]}},{"type":"Feature","properties":{"name":"Benigembla","layer":"municipio"},"geometry":{"type":"MultiLineString","coordinates":[[[-0.14122,38.7597],[-0.09624,38.76616],[-0.08049,38.75647],[-0.09849,38.73062]]]}},{"type":"Feature","properties":{"name":"Real","layer":"municipio"},"geometry":{"type":"MultiLineString","coordinates":[[[-0.68101,39.29447],[-0.61354,39.33163],[-0.60904,39.34294],[-0.58205,39.32355],[-0.60004,39.30578],[-0.65852,39.29124],[-0.68101,39.29447]]]}},{"type":"Feature","properties":{"name":"Benillup","layer":"municipio"},"geometry":{"type":"MultiLineString","coordinates":[[[-0.40212,38.76132],[-0.40212,38.76455],[-0.38188,38.76616],[-0.36163,38.75001],[-0.37288,38.74678]]]}},{"type":"Feature","properties":{"name":"Benimarfull","layer":"municipio"},"geometry":{"type":"MultiLineString","coordinates":[[[-0.40437,38.77747],[-0.40212,38.78555],[-0.38412,38.78878],[-0.37738,38.77747],[-0.38188,38.76616],[-0.40212,38.76455],[-0.40212,38.76616],[-0.40212,38.77424],[-0.40437,38.77747]]]}},{"type":"Feature","properties":{"name":"Benimassot","layer":"municipio"},"geometry":{"type":"MultiLineString","coordinates":[[[-0.3144,38.76778],[-0.29191,38.77263],[-0.28741,38.76616],[-0.27617,38.74839],[-0.30316,38.73547]]]}},{"type":"Feature","properties":{"name":"Benimeli","layer":"municipio"},"geometry":{"type":"MultiLineString","coordinates":[[[-0.04451,38.80817],[-0.04001,38.83887],[-0.02202,38.84533],[-0.01977,38.83887],[-0.03326,38.82756],[-0.04001,38.80655],[-0.04226,38.80655],[-0.04451,38.80817]]]}},{"type":"Feature","properties":{"name":"Requena","layer":"municipio"},"geometry":{"type":"MultiLineString","coordinates":[[[-1.38498,39.35425],[-1.38273,39.36556],[-1.36474,39.37364],[-1.35575,39.3898],[-1.31751,39.42211],[-1.27253,39.44311],[-1.27928,39.45442],[-1.27478,39.52551],[-1.23654,39.53197],[-1.23654,39.54166],[-1.18031,39.54166],[-1.15557,39.55621],[-1.16007,39.57398],[-1.13758,39.59336],[-1.10384,39.60144],[-1.0881,39.6176],[-1.06786,39.61275],[-1.01388,39.58367],[-0.98239,39.55297],[-0.98014,39.51097],[-0.9644,39.47542],[-0.97789,39.42857],[-0.97564,39.39626],[-0.98464,39.35587],[-0.98239,39.33648],[-0.99589,39.33971],[-1.02962,39.32355],[-1.05886,39.31548],[-1.0926,39.31225],[-1.0926,39.29124],[-1.11959,39.2767],[-1.17582,39.26539],[-1.16232,39.30578],[-1.16907,39.31386],[-1.2163,39.31871],[-1.25004,39.32355],[-1.27478,39.33325],[-1.29952,39.33002],[-1.31976,39.34294],[-1.3355,39.33325],[-1.36249,39.3494],[-1.38498,39.35425]]]}},{"type":"Feature","properties":{"name":"Castell de Castells","layer":"municipio"},"geometry":{"type":"MultiLineString","coordinates":[[[-0.23793,38.75001],[-0.1952,38.76939],[-0.17496,38.77263],[-0.14347,38.73708]]]}},{"type":"Feature","properties":{"name":"Ll\u00edber","layer":"municipio"},"geometry":{"type":"MultiLineString","coordinates":[[[0.00722,38.76939],[0.03421,38.76293],[0.04096,38.75001],[0.02971,38.73385]]]}},{"type":"Feature","properties":{"name":"Cocentaina","layer":"municipio"},"geometry":{"type":"MultiLineString","coordinates":[[[-0.50783,38.75485],[-0.49433,38.77263],[-0.46284,38.7597],[-0.42911,38.77101],[-0.41786,38.77101],[-0.41111,38.76778],[-0.40437,38.76616],[-0.40212,38.76616],[-0.40212,38.76455],[-0.40212,38.76132],[-0.40662,38.73062]]]}},{"type":"Feature","properties":{"name":"Millena","layer":"municipio"},"geometry":{"type":"MultiLineString","coordinates":[[[-0.36163,38.75001],[-0.35938,38.75001],[-0.35039,38.73224]]]}},{"type":"Feature","properties":{"name":"Gata de Gorgos","layer":"municipio"},"geometry":{"type":"MultiLineString","coordinates":[[[0.03421,38.76293],[0.03871,38.77424],[0.0702,38.78394],[0.07245,38.79363],[0.10169,38.78232],[0.08819,38.74678]],[[0.05445,38.75001],[0.04096,38.75001],[0.03421,38.76293]]]}},{"type":"Feature","properties":{"name":"el Verger","layer":"municipio"},"geometry":{"type":"MultiLineString","coordinates":[[[-0.02202,38.84533],[-0.02202,38.86795],[0.00497,38.8631],[0.02072,38.84371],[0.02297,38.83887],[-0.01977,38.83887],[-0.02202,38.84533]]]}},{"type":"Feature","properties":{"name":"Xal\u00f3","layer":"municipio"},"geometry":{"type":"MultiLineString","coordinates":[[[-0.03101,38.75647],[0.00722,38.76939],[0.00272,38.74354]]]}},{"type":"Feature","properties":{"name":"X\u00e0bia/J\u00e1vea","layer":"municipio"},"geometry":{"type":"MultiLineString","coordinates":[[[0.16691,38.81786],[0.1984,38.80171],[0.1849,38.78555],[0.20964,38.7597],[0.22089,38.7597],[0.23213,38.73224]],[[0.11743,38.74839],[0.12418,38.76939],[0.10618,38.76616],[0.10618,38.80817],[0.15566,38.80494],[0.16691,38.81786]]]}},{"type":"Feature","properties":{"name":"l'Orxa/Lorcha","layer":"municipio"},"geometry":{"type":"MultiLineString","coordinates":[[[-0.35489,38.85018],[-0.35039,38.85664],[-0.34364,38.86149],[-0.3234,38.8631],[-0.31215,38.87441],[-0.3099,38.88087],[-0.29866,38.88249],[-0.26042,38.85987],[-0.27617,38.84048],[-0.30765,38.82271],[-0.32115,38.81463],[-0.35489,38.85018]]]}},{"type":"Feature","properties":{"name":"Muro de Alcoy","layer":"municipio"},"geometry":{"type":"MultiLineString","coordinates":[[[-0.49433,38.77263],[-0.47634,38.78394],[-0.47859,38.80494],[-0.46284,38.80817],[-0.46059,38.80979],[-0.45385,38.81786],[-0.4471,38.81948],[-0.44485,38.82109],[-0.43136,38.82594],[-0.41561,38.80009],[-0.40212,38.78555],[-0.40437,38.77747],[-0.40212,38.77424],[-0.40212,38.76616],[-0.40437,38.76616],[-0.41111,38.76778],[-0.41786,38.77101],[-0.42911,38.77101],[-0.46284,38.7597],[-0.49433,38.77263]]]}},{"type":"Feature","properties":{"name":"Ondara","layer":"municipio"},"geometry":{"type":"MultiLineString","coordinates":[[[-0.01977,38.83887],[0.02297,38.83887],[0.03646,38.83725],[0.03421,38.81948],[0.00497,38.80979],[0.00497,38.82917],[-0.01977,38.83887]]]}},{"type":"Feature","properties":{"name":"Orba","layer":"municipio"},"geometry":{"type":"MultiLineString","coordinates":[[[-0.13222,38.79686],[-0.13222,38.79848],[-0.09624,38.80655],[-0.0715,38.79363],[-0.04451,38.80494],[-0.04226,38.78717],[-0.02651,38.77586],[-0.05125,38.7597],[-0.08499,38.77909],[-0.09399,38.7904],[-0.13222,38.79686]]]}},{"type":"Feature","properties":{"name":"Parcent","layer":"municipio"},"geometry":{"type":"MultiLineString","coordinates":[[[-0.08049,38.75647],[-0.0535,38.7597],[-0.058,38.72577]]]}},{"type":"Feature","properties":{"name":"Pedreguer","layer":"municipio"},"geometry":{"type":"MultiLineString","coordinates":[[[-0.00852,38.78717],[-0.00852,38.80655],[0.00497,38.80979],[0.03421,38.81948],[0.0612,38.81463],[0.07245,38.79363],[0.0702,38.78394],[0.03871,38.77424],[0.03421,38.76293],[0.00722,38.76939],[-0.00852,38.78232],[-0.00852,38.78717]]]}},{"type":"Feature","properties":{"name":"Pego","layer":"municipio"},"geometry":{"type":"MultiLineString","coordinates":[[[-0.15696,38.83402],[-0.14797,38.85825],[-0.06925,38.88572],[-0.04226,38.85664],[-0.04226,38.85018],[-0.06475,38.83725],[-0.08499,38.81625],[-0.09624,38.80655],[-0.13222,38.79848],[-0.12548,38.81302],[-0.15696,38.83402]]]}},{"type":"Feature","properties":{"name":"Planes","layer":"municipio"},"geometry":{"type":"MultiLineString","coordinates":[[[-0.38862,38.80655],[-0.38637,38.80979],[-0.32115,38.81463],[-0.30765,38.82271],[-0.28516,38.80494],[-0.28291,38.78232],[-0.29191,38.77263],[-0.3144,38.76778],[-0.33239,38.7597],[-0.34814,38.77424],[-0.37738,38.77747],[-0.38412,38.78878],[-0.38862,38.80655]]]}},{"type":"Feature","properties":{"name":"Senija","layer":"municipio"},"geometry":{"type":"MultiLineString","coordinates":[[[0.04096,38.75001],[0.05445,38.75001],[0.0522,38.72093]]]}},{"type":"Feature","properties":{"name":"Alcudia de Veo","layer":"municipio"},"geometry":{"type":"MultiLineString","coordinates":[[[-0.41786,39.93588],[-0.41111,39.93911],[-0.39537,39.93588],[-0.38188,39.9278],[-0.35264,39.93265],[-0.33015,39.94557],[-0.31665,39.93426],[-0.28067,39.92134],[-0.28291,39.90841],[-0.3189,39.90195],[-0.33239,39.91164],[-0.37738,39.90195],[-0.39087,39.91811],[-0.41786,39.93588]]]}},{"type":"Feature","properties":{"name":"Tollos","layer":"municipio"},"geometry":{"type":"MultiLineString","coordinates":[[[-0.28741,38.76616],[-0.22894,38.77909],[-0.1997,38.77101],[-0.1952,38.76939],[-0.23793,38.75001],[-0.24918,38.74678]],[[-0.27617,38.74839],[-0.28741,38.76616]]]}},{"type":"Feature","properties":{"name":"la Vall d'Alcal\u00e0","layer":"municipio"},"geometry":{"type":"MultiLineString","coordinates":[[[-0.29191,38.77263],[-0.28291,38.78232],[-0.28516,38.80494],[-0.24018,38.80655],[-0.21094,38.79201],[-0.1997,38.77101],[-0.22894,38.77909],[-0.28741,38.76616],[-0.29191,38.77263]]]}},{"type":"Feature","properties":{"name":"la Vall de Gallinera","layer":"municipio"},"geometry":{"type":"MultiLineString","coordinates":[[[-0.30765,38.82271],[-0.27617,38.84048],[-0.26042,38.85987],[-0.23118,38.85341],[-0.1952,38.85987],[-0.17945,38.85664],[-0.16146,38.83402],[-0.1952,38.81463],[-0.21094,38.79201],[-0.24018,38.80655],[-0.28516,38.80494],[-0.30765,38.82271]]]}},{"type":"Feature","properties":{"name":"la Vall de Laguar","layer":"municipio"},"geometry":{"type":"MultiLineString","coordinates":[[[-0.17496,38.77263],[-0.13222,38.79686],[-0.09399,38.7904],[-0.08499,38.77909],[-0.09624,38.76616],[-0.14122,38.7597],[-0.14347,38.73708]]]}},{"type":"Feature","properties":{"name":"Villena","layer":"municipio"},"geometry":{"type":"MultiLineString","coordinates":[[[-0.96215,38.77424],[-0.92841,38.78394],[-0.91267,38.76939],[-0.86094,38.76939],[-0.83845,38.73708]]]}},{"type":"Feature","properties":{"name":"els Poblets","layer":"municipio"},"geometry":{"type":"MultiLineString","coordinates":[[[0.00497,38.8631],[0.03196,38.85502],[0.02072,38.84371],[0.00497,38.8631]]]}},{"type":"Feature","properties":{"name":"Atzeneta del Maestrat","layer":"municipio"},"geometry":{"type":"MultiLineString","coordinates":[[[-0.27842,40.26062],[-0.25368,40.26385],[-0.23793,40.27516],[-0.17721,40.23638],[-0.13897,40.24446],[-0.15921,40.25739],[-0.15471,40.27516],[-0.13897,40.28485],[-0.10973,40.27354],[-0.12098,40.24285],[-0.10973,40.23477],[-0.13447,40.22992],[-0.14122,40.21053],[-0.19745,40.17661],[-0.23343,40.22346],[-0.24018,40.23315],[-0.27842,40.26062]]]}},{"type":"Feature","properties":{"name":"A\u00edn","layer":"municipio"},"geometry":{"type":"MultiLineString","coordinates":[[[-0.38188,39.89549],[-0.37738,39.90195],[-0.33239,39.91164],[-0.3189,39.90195],[-0.33689,39.87448],[-0.34364,39.87448],[-0.36838,39.87933],[-0.38188,39.89549]]]}},{"type":"Feature","properties":{"name":"Alboc\u00e0sser","layer":"municipio"},"geometry":{"type":"MultiLineString","coordinates":[[[-0.04451,40.36725],[-0.03776,40.38502],[-0.01752,40.39472],[0.01397,40.44157],[0.03196,40.44642],[0.02971,40.41895],[0.04996,40.40764],[0.05445,40.39472],[0.08369,40.38987],[0.08144,40.37533],[0.04996,40.3414],[0.02297,40.32201],[-0.00852,40.31878],[-0.03326,40.32201],[-0.01527,40.35271],[-0.02876,40.3624],[-0.04451,40.36725]]]}},{"type":"Feature","properties":{"name":"Alcal\u00e0 de Xivert","layer":"municipio"},"geometry":{"type":"MultiLineString","coordinates":[[[0.15342,40.22346],[0.16016,40.23154],[0.17591,40.26547],[0.17141,40.28647],[0.1804,40.30262],[0.16466,40.32847],[0.1804,40.34302],[0.16466,40.35917],[0.16916,40.37371],[0.1894,40.3931],[0.30186,40.32363],[0.29511,40.30747],[0.3221,40.27516],[0.27937,40.24446],[0.26362,40.20892],[0.25463,40.20407],[0.22989,40.22346],[0.20739,40.23477],[0.17816,40.23154],[0.15791,40.22184],[0.15342,40.22346]]]}},{"type":"Feature","properties":{"name":"l'Alcora","layer":"municipio"},"geometry":{"type":"MultiLineString","coordinates":[[[-0.30541,40.05867],[-0.25817,40.09582],[-0.23568,40.09744],[-0.22894,40.10552],[-0.22219,40.11844],[-0.1952,40.12814],[-0.18845,40.11037],[-0.14797,40.08775],[-0.16596,40.07159],[-0.15471,40.0619],[-0.15696,40.03282],[-0.16146,40.01989],[-0.17271,40.02312],[-0.20644,40.0102],[-0.23343,40.02474],[-0.28741,40.04736],[-0.29191,40.04736],[-0.30541,40.05867]]]}},{"type":"Feature","properties":{"name":"Almenara","layer":"municipio"},"geometry":{"type":"MultiLineString","coordinates":[[[-0.27617,39.77108],[-0.24693,39.77755],[-0.17271,39.74685],[-0.18845,39.72261],[-0.1952,39.72423],[-0.23343,39.74039],[-0.26042,39.74362],[-0.27167,39.75008],[-0.27392,39.75493],[-0.27617,39.77108]]]}},{"type":"Feature","properties":{"name":"Alfondeguilla","layer":"municipio"},"geometry":{"type":"MultiLineString","coordinates":[[[-0.31665,39.82278],[-0.29416,39.86317],[-0.28516,39.87125],[-0.24018,39.86317],[-0.25368,39.84863],[-0.25368,39.83409],[-0.30765,39.79693],[-0.31665,39.80016],[-0.31665,39.82278]]]}},{"type":"Feature","properties":{"name":"Algimia de Almonacid","layer":"municipio"},"geometry":{"type":"MultiLineString","coordinates":[[[-0.46959,39.92295],[-0.43361,39.94072],[-0.41786,39.93588],[-0.39087,39.91811],[-0.37738,39.90195],[-0.38188,39.89549],[-0.41111,39.89226],[-0.42011,39.90518],[-0.43361,39.90195],[-0.46959,39.92295]]]}},{"type":"Feature","properties":{"name":"Almassora","layer":"municipio"},"geometry":{"type":"MultiLineString","coordinates":[[[-0.15247,39.97142],[-0.13447,39.98596],[-0.10523,39.98273],[-0.06925,39.9585],[0.00272,39.94234],[-0.00852,39.91003],[-0.06025,39.93265],[-0.08724,39.95365],[-0.12098,39.96011],[-0.15247,39.97142]]]}},{"type":"Feature","properties":{"name":"Almed\u00edjar","layer":"municipio"},"geometry":{"type":"MultiLineString","coordinates":[[[-0.44485,39.88095],[-0.41111,39.89226],[-0.38188,39.89549],[-0.36838,39.87933],[-0.38188,39.8761],[-0.39762,39.85348],[-0.42011,39.83894],[-0.44485,39.88095]]]}},{"type":"Feature","properties":{"name":"Altura","layer":"municipio"},"geometry":{"type":"MultiLineString","coordinates":[[[-0.65627,39.83571],[-0.61803,39.86479],[-0.55281,39.86641],[-0.51682,39.87125],[-0.49433,39.84379],[-0.50783,39.81471],[-0.53032,39.79693],[-0.54831,39.79532],[-0.57755,39.7727],[-0.58205,39.75654],[-0.58879,39.742],[-0.63153,39.74685],[-0.65177,39.75331],[-0.64502,39.79209],[-0.65627,39.83571]]]}},{"type":"Feature","properties":{"name":"Ara\u00f1uel","layer":"municipio"},"geometry":{"type":"MultiLineString","coordinates":[[[-0.50558,40.1039],[-0.50108,40.10713],[-0.47184,40.10067],[-0.4561,40.08775],[-0.46059,40.07321],[-0.49208,40.0522],[-0.50333,40.07644],[-0.52807,40.08936],[-0.50558,40.1039]]]}},{"type":"Feature","properties":{"name":"Ares del Maestrat","layer":"municipio"},"geometry":{"type":"MultiLineString","coordinates":[[[-0.21319,40.46419],[-0.17496,40.46742],[-0.13897,40.50458],[-0.11198,40.51104],[-0.08499,40.50943],[-0.076,40.48196],[-0.05575,40.45934],[-0.05575,40.43995],[-0.04226,40.4141],[-0.04226,40.3931],[-0.05575,40.38017],[-0.04451,40.36725],[-0.0715,40.38017],[-0.10074,40.38341],[-0.11648,40.40118],[-0.14797,40.41087],[-0.16371,40.43187],[-0.1907,40.44642],[-0.21319,40.46419]]]}},{"type":"Feature","properties":{"name":"Argelita","layer":"municipio"},"geometry":{"type":"MultiLineString","coordinates":[[[-0.36838,40.07482],[-0.34364,40.0829],[-0.3189,40.10067],[-0.3234,40.0829],[-0.3099,40.06513],[-0.3279,40.05382],[-0.34139,40.04412],[-0.36838,40.05543],[-0.36838,40.07482]]]}},{"type":"Feature","properties":{"name":"Artana","layer":"municipio"},"geometry":{"type":"MultiLineString","coordinates":[[[-0.28516,39.87125],[-0.27392,39.89549],[-0.28291,39.90841],[-0.28067,39.92134],[-0.26042,39.92618],[-0.23343,39.92618],[-0.19745,39.89872],[-0.23568,39.86156],[-0.24018,39.86317],[-0.28516,39.87125]]]}},{"type":"Feature","properties":{"name":"Ay\u00f3dar","layer":"municipio"},"geometry":{"type":"MultiLineString","coordinates":[[[-0.42236,39.97627],[-0.42236,39.99889],[-0.40212,40.01989],[-0.37063,40.00535],[-0.34589,40.00535],[-0.34139,39.9795],[-0.36613,39.97142],[-0.39087,39.97627],[-0.41111,39.96981],[-0.42236,39.97627]]]}},{"type":"Feature","properties":{"name":"Azu\u00e9bar","layer":"municipio"},"geometry":{"type":"MultiLineString","coordinates":[[[-0.39762,39.85348],[-0.38188,39.8761],[-0.36838,39.87933],[-0.34364,39.87448],[-0.35039,39.83732],[-0.33015,39.82278],[-0.37738,39.81794],[-0.37963,39.83248],[-0.39762,39.85348]]]}},{"type":"Feature","properties":{"name":"Barracas","layer":"municipio"},"geometry":{"type":"MultiLineString","coordinates":[[[-0.7125,40.03605],[-0.70125,40.04574],[-0.67426,40.01666],[-0.66302,39.98435],[-0.65402,39.9795],[-0.65627,39.96334],[-0.69001,39.95203],[-0.7035,39.9488],[-0.71924,39.99889],[-0.73049,40.00535],[-0.74174,40.03605],[-0.7125,40.03605]]]}},{"type":"Feature","properties":{"name":"Betx\u00ed","layer":"municipio"},"geometry":{"type":"MultiLineString","coordinates":[[[-0.23343,39.92618],[-0.21094,39.9488],[-0.17496,39.93749],[-0.17046,39.89549],[-0.19745,39.89872],[-0.23343,39.92618]]]}},{"type":"Feature","properties":{"name":"C\u00e0lig","layer":"municipio"},"geometry":{"type":"MultiLineString","coordinates":[[[0.32885,40.48681],[0.35359,40.51104],[0.37383,40.49004],[0.37833,40.46419],[0.35584,40.4238],[0.34684,40.42218],[0.32885,40.43672],[0.33784,40.4658],[0.32885,40.48681]]]}},{"type":"Feature","properties":{"name":"Bej\u00eds","layer":"municipio"},"geometry":{"type":"MultiLineString","coordinates":[[[-0.79796,39.88256],[-0.77097,39.91811],[-0.72149,39.93911],[-0.69001,39.90356],[-0.71025,39.8761],[-0.7035,39.86802],[-0.73724,39.86964],[-0.78447,39.88579],[-0.79796,39.88256]]]}},{"type":"Feature","properties":{"name":"Benafer","layer":"municipio"},"geometry":{"type":"MultiLineString","coordinates":[[[-0.64727,39.98111],[-0.62478,39.98596],[-0.60904,40.00535],[-0.61578,40.01827],[-0.60004,40.00535],[-0.60229,39.96657],[-0.56405,39.93265],[-0.5843,39.92941],[-0.59554,39.9488],[-0.63828,39.97142],[-0.64727,39.98111]]]}},{"type":"Feature","properties":{"name":"Benafigos","layer":"municipio"},"geometry":{"type":"MultiLineString","coordinates":[[[-0.23793,40.27516],[-0.23793,40.29132],[-0.20869,40.32201],[-0.19295,40.30101],[-0.1952,40.28647],[-0.16821,40.28324],[-0.15921,40.25739],[-0.13897,40.24446],[-0.17721,40.23638],[-0.23793,40.27516]]]}},{"type":"Feature","properties":{"name":"Benassal","layer":"municipio"},"geometry":{"type":"MultiLineString","coordinates":[[[-0.25817,40.3721],[-0.26042,40.38341],[-0.22894,40.39633],[-0.23118,40.40764],[-0.1817,40.43187],[-0.16371,40.43187],[-0.14797,40.41087],[-0.11648,40.40118],[-0.10074,40.38341],[-0.0715,40.38017],[-0.08949,40.35917],[-0.09849,40.35109],[-0.14572,40.36079],[-0.1952,40.36079],[-0.2042,40.35109],[-0.21769,40.36887],[-0.24693,40.37533],[-0.25817,40.3721]]]}},{"type":"Feature","properties":{"name":"Benicarl\u00f3","layer":"municipio"},"geometry":{"type":"MultiLineString","coordinates":[[[0.35584,40.4238],[0.37833,40.46419],[0.37383,40.49004],[0.41656,40.47873],[0.4413,40.44803],[0.45255,40.44318],[0.4368,40.41572],[0.41656,40.39956],[0.35584,40.4238]]]}},{"type":"Feature","properties":{"name":"Benic\u00e0ssim/Benicasim","layer":"municipio"},"geometry":{"type":"MultiLineString","coordinates":[[[-0.00177,40.06513],[0.00272,40.06997],[0.03421,40.08613],[0.04996,40.07644],[0.08594,40.0829],[0.09044,40.05543],[0.04996,40.03605],[0.03871,40.01504],[0.01622,40.02474],[-0.00177,40.06513]]]}},{"type":"Feature","properties":{"name":"Benlloc","layer":"municipio"},"geometry":{"type":"MultiLineString","coordinates":[[[-0.00852,40.21538],[-0.00627,40.23477],[0.02297,40.24931],[0.04096,40.23315],[0.0522,40.21053],[0.09944,40.19922],[0.12867,40.20084],[0.15342,40.22346],[0.15791,40.22184],[0.15566,40.20569],[0.11743,40.18145],[0.10618,40.18468],[0.02522,40.18307],[0.00947,40.20569],[-0.00852,40.21538]]]}},{"type":"Feature","properties":{"name":"Borriol","layer":"municipio"},"geometry":{"type":"MultiLineString","coordinates":[[[-0.15696,40.03282],[-0.12548,40.05059],[-0.10748,40.05382],[-0.06475,40.08128],[-0.05575,40.09098],[-0.02427,40.08936],[-0.01077,40.09744],[0.00272,40.06997],[-0.00177,40.06513],[-0.01752,40.04897],[-0.04001,40.03928],[-0.04451,40.02797],[-0.076,40.02312],[-0.12098,40.0102],[-0.15696,40.03282]]]}},{"type":"Feature","properties":{"name":"Borriana/Burriana","layer":"municipio"},"geometry":{"type":"MultiLineString","coordinates":[[[-0.13672,39.86641],[-0.10973,39.88418],[-0.09624,39.90356],[-0.08274,39.92134],[-0.06025,39.93265],[-0.00852,39.91003],[-0.03326,39.89549],[-0.067,39.86156],[-0.07824,39.86156],[-0.09849,39.84217],[-0.13672,39.86641]]]}},{"type":"Feature","properties":{"name":"Cabanes","layer":"municipio"},"geometry":{"type":"MultiLineString","coordinates":[[[0.01622,40.14268],[0.01847,40.15237],[0.02522,40.18307],[0.10618,40.18468],[0.11743,40.18145],[0.15566,40.20569],[0.20065,40.18145],[0.18265,40.16045],[0.16016,40.12329],[0.13317,40.12814],[0.10618,40.09098],[0.08594,40.0829],[0.04996,40.07644],[0.03421,40.08613],[0.01397,40.1346],[0.01622,40.14268]]]}},{"type":"Feature","properties":{"name":"Fanzara","layer":"municipio"},"geometry":{"type":"MultiLineString","coordinates":[[[-0.34589,40.00535],[-0.33689,40.02312],[-0.3234,40.02958],[-0.3279,40.05382],[-0.3099,40.06513],[-0.30541,40.05867],[-0.29191,40.04736],[-0.29866,40.03928],[-0.28516,40.01181],[-0.28067,40.00212],[-0.31215,39.97465],[-0.32115,39.96981],[-0.34139,39.9795],[-0.34589,40.00535]]]}},{"type":"Feature","properties":{"name":"Canet lo Roig","layer":"municipio"},"geometry":{"type":"MultiLineString","coordinates":[[[0.16241,40.5789],[0.1849,40.59505],[0.20964,40.59182],[0.24788,40.57567],[0.25912,40.57728],[0.28611,40.61444],[0.31085,40.61767],[0.29961,40.59182],[0.28162,40.55305],[0.25238,40.5272],[0.22989,40.5175],[0.20065,40.51589],[0.17141,40.53528],[0.18265,40.54174],[0.18265,40.56436],[0.16241,40.5789]]]}},{"type":"Feature","properties":{"name":"Castell de Cabres","layer":"municipio"},"geometry":{"type":"MultiLineString","coordinates":[[[-0.00402,40.67745],[-0.00627,40.69522],[0.02746,40.69522],[0.04321,40.69038],[0.08144,40.67583],[0.09944,40.65483],[0.09044,40.64998],[0.0612,40.64514],[0.03871,40.64998],[0.01397,40.64837],[0.01847,40.65806],[-0.00402,40.67745]]]}},{"type":"Feature","properties":{"name":"Castellfort","layer":"municipio"},"geometry":{"type":"MultiLineString","coordinates":[[[-0.25368,40.47711],[-0.24918,40.50943],[-0.23568,40.53851],[-0.21544,40.53689],[-0.1862,40.55951],[-0.17046,40.55305],[-0.16146,40.52397],[-0.13897,40.50458],[-0.17496,40.46742],[-0.21319,40.46419],[-0.25368,40.47711]]]}},{"type":"Feature","properties":{"name":"Castellnovo","layer":"municipio"},"geometry":{"type":"MultiLineString","coordinates":[[[-0.47634,39.87933],[-0.44485,39.88095],[-0.42011,39.83894],[-0.42686,39.82117],[-0.44485,39.82601],[-0.44485,39.83894],[-0.46284,39.83571],[-0.46509,39.83894],[-0.47634,39.87933]]]}},{"type":"Feature","properties":{"name":"Castell\u00f3 de la Plana","layer":"municipio"},"geometry":{"type":"MultiLineString","coordinates":[[[-0.15696,40.03282],[-0.12098,40.0102],[-0.076,40.02312],[-0.04451,40.02797],[-0.04001,40.03928],[-0.01752,40.04897],[-0.00177,40.06513],[0.01622,40.02474],[0.03871,40.01504],[0.02522,39.97788],[0.00272,39.94234],[-0.06925,39.9585],[-0.10523,39.98273],[-0.13447,39.98596],[-0.15921,40.00373],[-0.16146,40.01989],[-0.15696,40.03282]]]}},{"type":"Feature","properties":{"name":"Cervera del Maestre","layer":"municipio"},"geometry":{"type":"MultiLineString","coordinates":[[[0.21189,40.42057],[0.22089,40.42864],[0.23438,40.48034],[0.27037,40.49004],[0.29286,40.49973],[0.30636,40.4965],[0.32885,40.48681],[0.33784,40.4658],[0.32885,40.43672],[0.34684,40.42218],[0.33784,40.40764],[0.3131,40.3931],[0.28162,40.39472],[0.21639,40.41572],[0.21189,40.42057]]]}},{"type":"Feature","properties":{"name":"Castillo de Villamalefa","layer":"municipio"},"geometry":{"type":"MultiLineString","coordinates":[[[-0.40437,40.10067],[-0.42461,40.11037],[-0.40437,40.12329],[-0.39537,40.14268],[-0.40212,40.15722],[-0.37513,40.1653],[-0.34814,40.18792],[-0.33914,40.22023],[-0.32115,40.20892],[-0.32115,40.19115],[-0.36163,40.17337],[-0.36163,40.14591],[-0.33914,40.13622],[-0.32565,40.11683],[-0.35714,40.10713],[-0.36838,40.11521],[-0.40212,40.11037],[-0.40437,40.10067]]]}},{"type":"Feature","properties":{"name":"Cat\u00ed","layer":"municipio"},"geometry":{"type":"MultiLineString","coordinates":[[[-0.04451,40.36725],[-0.05575,40.38017],[-0.04226,40.3931],[-0.04226,40.4141],[-0.03776,40.43187],[-0.04226,40.45288],[0.01622,40.53366],[0.07245,40.53528],[0.08369,40.5482],[0.09944,40.53689],[0.07919,40.50296],[0.09269,40.48034],[0.07919,40.46903],[0.05445,40.4658],[0.03196,40.44642],[0.01397,40.44157],[-0.01752,40.39472],[-0.03776,40.38502],[-0.04451,40.36725]]]}},{"type":"Feature","properties":{"name":"Caudiel","layer":"municipio"},"geometry":{"type":"MultiLineString","coordinates":[[[-0.67876,40.04574],[-0.66526,40.05059],[-0.62028,40.04574],[-0.60904,40.03766],[-0.58205,40.01504],[-0.52582,40.0102],[-0.53257,40.0005],[-0.51008,39.96657],[-0.51682,39.9585],[-0.51907,39.95365],[-0.55281,39.93265],[-0.56405,39.93265],[-0.60229,39.96657],[-0.60004,40.00535],[-0.61578,40.01827],[-0.61803,40.03282],[-0.67876,40.04574]]]}},{"type":"Feature","properties":{"name":"Xodos/Chodos","layer":"municipio"},"geometry":{"type":"MultiLineString","coordinates":[[[-0.35039,40.22346],[-0.33239,40.23477],[-0.31215,40.26547],[-0.27842,40.26062],[-0.24018,40.23315],[-0.23343,40.22346],[-0.25143,40.20407],[-0.26942,40.19599],[-0.32115,40.20892],[-0.33914,40.22023],[-0.35039,40.22346]]]}},{"type":"Feature","properties":{"name":"Cinctorres","layer":"municipio"},"geometry":{"type":"MultiLineString","coordinates":[[[-0.26042,40.60152],[-0.23793,40.60798],[-0.22444,40.61606],[-0.21544,40.61444],[-0.19745,40.59182],[-0.1862,40.59828],[-0.1862,40.55951],[-0.21544,40.53689],[-0.23568,40.53851],[-0.22894,40.54982],[-0.24918,40.56274],[-0.24918,40.59182],[-0.26042,40.60152]]]}},{"type":"Feature","properties":{"name":"Cirat","layer":"municipio"},"geometry":{"type":"MultiLineString","coordinates":[[[-0.50558,40.02958],[-0.49208,40.0522],[-0.46059,40.07321],[-0.4561,40.08775],[-0.40662,40.08613],[-0.40437,40.07482],[-0.43136,40.03928],[-0.4471,40.0312],[-0.46734,40.00697],[-0.48309,40.00858],[-0.50558,40.02958]]]}},{"type":"Feature","properties":{"name":"Cortes de Arenoso","layer":"municipio"},"geometry":{"type":"MultiLineString","coordinates":[[[-0.5798,40.13783],[-0.5708,40.1556],[-0.57305,40.18145],[-0.56181,40.18953],[-0.54831,40.24446],[-0.54381,40.25092],[-0.51008,40.23154],[-0.50783,40.20084],[-0.49433,40.19922],[-0.48309,40.16207],[-0.49208,40.16045],[-0.48309,40.13298],[-0.50108,40.10713],[-0.50558,40.1039],[-0.51232,40.11037],[-0.52357,40.12491],[-0.53707,40.12167],[-0.5798,40.13783]]]}},{"type":"Feature","properties":{"name":"Ch\u00f3var","layer":"municipio"},"geometry":{"type":"MultiLineString","coordinates":[[[-0.34364,39.87448],[-0.33689,39.87448],[-0.29416,39.86317],[-0.31665,39.82278],[-0.33015,39.82278],[-0.35039,39.83732],[-0.34364,39.87448]]]}},{"type":"Feature","properties":{"name":"Costur","layer":"municipio"},"geometry":{"type":"MultiLineString","coordinates":[[[-0.1952,40.12814],[-0.1862,40.14106],[-0.13672,40.14429],[-0.12997,40.12975],[-0.14572,40.09582],[-0.14797,40.08775],[-0.18845,40.11037],[-0.1952,40.12814]]]}},{"type":"Feature","properties":{"name":"Eslida","layer":"municipio"},"geometry":{"type":"MultiLineString","coordinates":[[[-0.33689,39.87448],[-0.3189,39.90195],[-0.28291,39.90841],[-0.27392,39.89549],[-0.28516,39.87125],[-0.29416,39.86317],[-0.33689,39.87448]]]}},{"type":"Feature","properties":{"name":"les Coves de Vinrom\u00e0","layer":"municipio"},"geometry":{"type":"MultiLineString","coordinates":[[[0.02746,40.28001],[0.05895,40.29778],[0.0612,40.33494],[0.04996,40.3414],[0.08144,40.37533],[0.08369,40.38987],[0.09944,40.41895],[0.13317,40.38341],[0.16916,40.37371],[0.16466,40.35917],[0.1804,40.34302],[0.16466,40.32847],[0.1804,40.30262],[0.17141,40.28647],[0.17591,40.26547],[0.16016,40.23154],[0.11518,40.2687],[0.10843,40.28647],[0.0567,40.27354],[0.03196,40.27516],[0.02746,40.28001]]]}},{"type":"Feature","properties":{"name":"Culla","layer":"municipio"},"geometry":{"type":"MultiLineString","coordinates":[[[-0.20869,40.32201],[-0.1997,40.33494],[-0.2042,40.35109],[-0.1952,40.36079],[-0.14572,40.36079],[-0.09849,40.35109],[-0.08949,40.35917],[-0.09174,40.33655],[-0.08274,40.33494],[-0.10523,40.32363],[-0.08499,40.29778],[-0.0535,40.32524],[-0.04901,40.33655],[-0.02876,40.3624],[-0.01527,40.35271],[-0.03326,40.32201],[-0.06925,40.27839],[-0.08499,40.22023],[-0.09399,40.23638],[-0.10973,40.23477],[-0.12098,40.24285],[-0.10973,40.27354],[-0.13897,40.28485],[-0.15471,40.27516],[-0.15921,40.25739],[-0.16821,40.28324],[-0.1952,40.28647],[-0.19295,40.30101],[-0.20869,40.32201]]]}},{"type":"Feature","properties":{"name":"Espadilla","layer":"municipio"},"geometry":{"type":"MultiLineString","coordinates":[[[-0.40662,40.02635],[-0.39762,40.02958],[-0.37738,40.02797],[-0.34589,40.03766],[-0.33689,40.02312],[-0.34589,40.00535],[-0.37063,40.00535],[-0.40212,40.01989],[-0.40662,40.02635]]]}},{"type":"Feature","properties":{"name":"Xert","layer":"municipio"},"geometry":{"type":"MultiLineString","coordinates":[[[0.07919,40.57243],[0.11518,40.58698],[0.14442,40.57567],[0.16241,40.5789],[0.18265,40.56436],[0.18265,40.54174],[0.17141,40.53528],[0.20065,40.51589],[0.20515,40.49973],[0.17141,40.50619],[0.13092,40.48681],[0.09269,40.48034],[0.07919,40.50296],[0.09944,40.53689],[0.08369,40.5482],[0.07919,40.57243]]]}},{"type":"Feature","properties":{"name":"Chilches/Xilxes","layer":"municipio"},"geometry":{"type":"MultiLineString","coordinates":[[[-0.21094,39.78724],[-0.20195,39.80178],[-0.1817,39.79855],[-0.15247,39.76947],[-0.16821,39.75331],[-0.21094,39.78724]]]}},{"type":"Feature","properties":{"name":"Forcall","layer":"municipio"},"geometry":{"type":"MultiLineString","coordinates":[[[-0.26042,40.68553],[-0.23793,40.69845],[-0.21094,40.69684],[-0.20869,40.68876],[-0.23568,40.68068],[-0.22219,40.67422],[-0.1907,40.67422],[-0.15247,40.66453],[-0.17271,40.64998],[-0.17721,40.62737],[-0.21544,40.61444],[-0.22444,40.61606],[-0.21769,40.63706],[-0.22669,40.64675],[-0.26717,40.66937],[-0.26042,40.68553]]]}},{"type":"Feature","properties":{"name":"Ludiente","layer":"municipio"},"geometry":{"type":"MultiLineString","coordinates":[[[-0.4561,40.08775],[-0.44035,40.09906],[-0.40437,40.10067],[-0.40212,40.11037],[-0.36838,40.11521],[-0.35714,40.10713],[-0.32565,40.11683],[-0.3189,40.10067],[-0.34364,40.0829],[-0.36838,40.07482],[-0.39762,40.07644],[-0.40437,40.07482],[-0.40662,40.08613],[-0.4561,40.08775]]]}},{"type":"Feature","properties":{"name":"Fuente la Reina","layer":"municipio"},"geometry":{"type":"MultiLineString","coordinates":[[[-0.62928,40.07482],[-0.61354,40.06997],[-0.57755,40.06028],[-0.58205,40.05867],[-0.60904,40.03766],[-0.62028,40.04574],[-0.62928,40.07482]]]}},{"type":"Feature","properties":{"name":"Fuentes de Ay\u00f3dar","layer":"municipio"},"geometry":{"type":"MultiLineString","coordinates":[[[-0.4471,40.0312],[-0.43136,40.03928],[-0.40662,40.02635],[-0.40212,40.01989],[-0.42236,39.99889],[-0.44485,40.01343],[-0.4471,40.0312]]]}},{"type":"Feature","properties":{"name":"la Llosa","layer":"municipio"},"geometry":{"type":"MultiLineString","coordinates":[[[-0.24693,39.77755],[-0.21094,39.78724],[-0.16821,39.75331],[-0.17271,39.74685],[-0.24693,39.77755]]]}},{"type":"Feature","properties":{"name":"Gaibiel","layer":"municipio"},"geometry":{"type":"MultiLineString","coordinates":[[[-0.51907,39.95365],[-0.51682,39.9585],[-0.48534,39.95526],[-0.48758,39.93911],[-0.46959,39.92295],[-0.50333,39.8971],[-0.51907,39.91487],[-0.51907,39.95365]]]}},{"type":"Feature","properties":{"name":"Geldo","layer":"municipio"},"geometry":{"type":"MultiLineString","coordinates":[[[-0.46509,39.83894],[-0.46284,39.83571],[-0.46509,39.83894]]]}},{"type":"Feature","properties":{"name":"Pav\u00edas","layer":"municipio"},"geometry":{"type":"MultiLineString","coordinates":[[[-0.51682,39.9585],[-0.51008,39.96657],[-0.48084,39.99242],[-0.4516,39.96981],[-0.4471,39.96173],[-0.48534,39.95526],[-0.51682,39.9585]]]}},{"type":"Feature","properties":{"name":"Pen\u00edscola/Pe\u00f1\u00edscola","layer":"municipio"},"geometry":{"type":"MultiLineString","coordinates":[[[0.30186,40.32363],[0.3131,40.33978],[0.34234,40.35271],[0.34909,40.37371],[0.3131,40.3931],[0.33784,40.40764],[0.34684,40.42218],[0.35584,40.4238],[0.41656,40.39956],[0.40082,40.35756],[0.36483,40.32363],[0.35134,40.30101],[0.3221,40.27516],[0.29511,40.30747],[0.30186,40.32363]]]}},{"type":"Feature","properties":{"name":"Herbers","layer":"municipio"},"geometry":{"type":"MultiLineString","coordinates":[[[-0.0535,40.72753],[-0.04451,40.72592],[-0.01752,40.73077],[0.01622,40.72753],[0.02971,40.71461],[0.02746,40.69522],[-0.00627,40.69522],[-0.00402,40.67745],[-0.04226,40.70007],[-0.06925,40.70653],[-0.04901,40.71623],[-0.0535,40.72753]]]}},{"type":"Feature","properties":{"name":"Higueras","layer":"municipio"},"geometry":{"type":"MultiLineString","coordinates":[[[-0.52582,40.0102],[-0.48758,40.00535],[-0.48084,39.99242],[-0.51008,39.96657],[-0.53257,40.0005],[-0.52582,40.0102]]]}},{"type":"Feature","properties":{"name":"la Jana","layer":"municipio"},"geometry":{"type":"MultiLineString","coordinates":[[[0.20065,40.51589],[0.22989,40.5175],[0.25238,40.5272],[0.27037,40.49004],[0.23438,40.48034],[0.20515,40.49973],[0.20065,40.51589]]]}},{"type":"Feature","properties":{"name":"J\u00e9rica","layer":"municipio"},"geometry":{"type":"MultiLineString","coordinates":[[[-0.69001,39.85186],[-0.68776,39.85671],[-0.66077,39.87125],[-0.66077,39.88579],[-0.64052,39.90195],[-0.61578,39.87933],[-0.59779,39.89549],[-0.5843,39.92941],[-0.56405,39.93265],[-0.55281,39.93265],[-0.51907,39.95365],[-0.51907,39.91487],[-0.50333,39.8971],[-0.51907,39.8761],[-0.51682,39.87125],[-0.55281,39.86641],[-0.61803,39.86479],[-0.65627,39.83571],[-0.69001,39.85186]]]}},{"type":"Feature","properties":{"name":"Llucena/Lucena del Cid","layer":"municipio"},"geometry":{"type":"MultiLineString","coordinates":[[[-0.32565,40.11683],[-0.33914,40.13622],[-0.36163,40.14591],[-0.36163,40.17337],[-0.32115,40.19115],[-0.32115,40.20892],[-0.26942,40.19599],[-0.25143,40.20407],[-0.23343,40.22346],[-0.19745,40.17661],[-0.21094,40.15722],[-0.19745,40.14429],[-0.25143,40.12491],[-0.25592,40.1136],[-0.22894,40.10552],[-0.23568,40.09744],[-0.25817,40.09582],[-0.30541,40.05867],[-0.3099,40.06513],[-0.3234,40.0829],[-0.3189,40.10067],[-0.32565,40.11683]]]}},{"type":"Feature","properties":{"name":"la Mata de Morella","layer":"municipio"},"geometry":{"type":"MultiLineString","coordinates":[[[-0.29866,40.61283],[-0.29641,40.63868],[-0.25817,40.62737],[-0.25592,40.60798],[-0.23793,40.60798],[-0.26042,40.60152],[-0.29416,40.58374],[-0.29416,40.61121],[-0.29866,40.61283]]]}},{"type":"Feature","properties":{"name":"Matet","layer":"municipio"},"geometry":{"type":"MultiLineString","coordinates":[[[-0.48534,39.95526],[-0.4471,39.96173],[-0.41111,39.93911],[-0.41786,39.93588],[-0.43361,39.94072],[-0.46959,39.92295],[-0.48758,39.93911],[-0.48534,39.95526]]]}},{"type":"Feature","properties":{"name":"Rugat","layer":"municipio"},"geometry":{"type":"MultiLineString","coordinates":[[[-0.35264,38.86795],[-0.37513,38.88895],[-0.36613,38.89218],[-0.35264,38.86795]],[[-0.36613,38.89541],[-0.36838,38.89703],[-0.36613,38.89541]]]}},{"type":"Feature","properties":{"name":"Sagunt/Sagunto","layer":"municipio"},"geometry":{"type":"MultiLineString","coordinates":[[[-0.37963,39.62406],[-0.36388,39.64506],[-0.36163,39.66607],[-0.33239,39.65153],[-0.31215,39.67899],[-0.30091,39.68546],[-0.3234,39.6903],[-0.32565,39.69192],[-0.31215,39.70807],[-0.3234,39.71777],[-0.33239,39.72908],[-0.34814,39.74846],[-0.34589,39.7517],[-0.32115,39.77593],[-0.3279,39.79693],[-0.3279,39.80178],[-0.31665,39.80016],[-0.30765,39.79693],[-0.27617,39.77108],[-0.27392,39.75493],[-0.29416,39.75977],[-0.3099,39.74846],[-0.28741,39.73069],[-0.28516,39.71454],[-0.26042,39.72261],[-0.24918,39.72261],[-0.20195,39.71938],[-0.23343,39.72746],[-0.1952,39.72423],[-0.18845,39.72261],[-0.1997,39.68546],[-0.22669,39.68869],[-0.22894,39.67576],[-0.2042,39.67253],[-0.21094,39.65314],[-0.23793,39.63699],[-0.25817,39.61598],[-0.29641,39.62891],[-0.34364,39.64022],[-0.35264,39.63376],[-0.37963,39.62406]]]}},{"type":"Feature","properties":{"name":"Moncofa","layer":"municipio"},"geometry":{"type":"MultiLineString","coordinates":[[[-0.1817,39.79855],[-0.17271,39.81309],[-0.15471,39.82117],[-0.12323,39.80824],[-0.15247,39.76947],[-0.1817,39.79855]]]}},{"type":"Feature","properties":{"name":"Mont\u00e1n","layer":"municipio"},"geometry":{"type":"MultiLineString","coordinates":[[[-0.60904,40.03766],[-0.58205,40.05867],[-0.55731,40.04897],[-0.53707,40.04897],[-0.53032,40.03443],[-0.50558,40.02958],[-0.48309,40.00858],[-0.48758,40.00535],[-0.52582,40.0102],[-0.58205,40.01504],[-0.60904,40.03766]]]}},{"type":"Feature","properties":{"name":"Villanueva de Viver","layer":"municipio"},"geometry":{"type":"MultiLineString","coordinates":[[[-0.66526,40.05059],[-0.62928,40.07482],[-0.62028,40.04574],[-0.66526,40.05059]]]}},{"type":"Feature","properties":{"name":"Montanejos","layer":"municipio"},"geometry":{"type":"MultiLineString","coordinates":[[[-0.58205,40.05867],[-0.57755,40.06028],[-0.56181,40.09744],[-0.51232,40.11037],[-0.50558,40.1039],[-0.52807,40.08936],[-0.50333,40.07644],[-0.49208,40.0522],[-0.50558,40.02958],[-0.53032,40.03443],[-0.53707,40.04897],[-0.55731,40.04897],[-0.58205,40.05867]]]}},{"type":"Feature","properties":{"name":"Morella","layer":"municipio"},"geometry":{"type":"MultiLineString","coordinates":[[[-0.21544,40.61444],[-0.17721,40.62737],[-0.17271,40.64998],[-0.15247,40.66453],[-0.1907,40.67422],[-0.20869,40.68876],[-0.21094,40.69684],[-0.20644,40.70492],[-0.17945,40.70976],[-0.14347,40.69199],[-0.13222,40.70007],[-0.10973,40.69361],[-0.10298,40.70976],[-0.10298,40.74208],[-0.0535,40.72753],[-0.04901,40.71623],[-0.06925,40.70653],[-0.04226,40.70007],[-0.00402,40.67745],[0.01847,40.65806],[0.01397,40.64837],[0.03871,40.64998],[0.02522,40.62737],[0.00947,40.62252],[0.02522,40.60475],[0.00272,40.58536],[0.0612,40.5692],[0.07919,40.57243],[0.08369,40.5482],[0.07245,40.53528],[0.01622,40.53366],[-0.04226,40.45288],[-0.03776,40.43187],[-0.04226,40.4141],[-0.05575,40.43995],[-0.05575,40.45934],[-0.076,40.48196],[-0.08499,40.50943],[-0.11198,40.51104],[-0.13897,40.50458],[-0.16146,40.52397],[-0.17046,40.55305],[-0.1862,40.55951],[-0.1862,40.59828],[-0.19745,40.59182],[-0.21544,40.61444]]]}},{"type":"Feature","properties":{"name":"Navajas","layer":"municipio"},"geometry":{"type":"MultiLineString","coordinates":[[[-0.51907,39.8761],[-0.50333,39.8971],[-0.47634,39.87933],[-0.50108,39.86479],[-0.51907,39.8761]]]}},{"type":"Feature","properties":{"name":"Nules","layer":"municipio"},"geometry":{"type":"MultiLineString","coordinates":[[[-0.23568,39.86156],[-0.19745,39.89872],[-0.17046,39.89549],[-0.16821,39.89226],[-0.13672,39.86641],[-0.09849,39.84217],[-0.12323,39.80824],[-0.15471,39.82117],[-0.17271,39.81309],[-0.17271,39.83248],[-0.21544,39.85994],[-0.23568,39.86156]],[[-0.18845,39.85025],[-0.17046,39.86156],[-0.19745,39.87771],[-0.21544,39.86479],[-0.18845,39.85025]]]}},{"type":"Feature","properties":{"name":"Pina de Montalgrao","layer":"municipio"},"geometry":{"type":"MultiLineString","coordinates":[[[-0.71699,40.04089],[-0.7125,40.04251],[-0.67876,40.04574],[-0.61803,40.03282],[-0.61578,40.01827],[-0.60904,40.00535],[-0.62478,39.98596],[-0.64727,39.98111],[-0.65402,39.9795],[-0.66302,39.98435],[-0.67426,40.01666],[-0.70125,40.04574],[-0.7125,40.03605],[-0.71699,40.04089]]]}},{"type":"Feature","properties":{"name":"Portell de Morella","layer":"municipio"},"geometry":{"type":"MultiLineString","coordinates":[[[-0.29641,40.53204],[-0.28966,40.54335],[-0.29641,40.56436],[-0.29641,40.56597],[-0.29416,40.58374],[-0.26042,40.60152],[-0.24918,40.59182],[-0.24918,40.56274],[-0.22894,40.54982],[-0.23568,40.53851],[-0.24918,40.50943],[-0.25368,40.47711],[-0.27167,40.47873],[-0.28741,40.50943],[-0.29866,40.50619],[-0.29641,40.53204]]]}},{"type":"Feature","properties":{"name":"Olocau del Rey","layer":"municipio"},"geometry":{"type":"MultiLineString","coordinates":[[[-0.38188,40.66129],[-0.35714,40.67745],[-0.3279,40.68068],[-0.30765,40.65968],[-0.29641,40.63868],[-0.29866,40.61283],[-0.32115,40.60313],[-0.34364,40.60636],[-0.37963,40.62413],[-0.37063,40.6516],[-0.38188,40.66129]]]}},{"type":"Feature","properties":{"name":"Onda","layer":"municipio"},"geometry":{"type":"MultiLineString","coordinates":[[[-0.31215,39.97465],[-0.28067,40.00212],[-0.28516,40.01181],[-0.24918,40.01989],[-0.26492,40.02474],[-0.28741,40.04736],[-0.23343,40.02474],[-0.20644,40.0102],[-0.17271,40.02312],[-0.16146,40.01989],[-0.15921,40.00373],[-0.13447,39.98596],[-0.15247,39.97142],[-0.16596,39.98111],[-0.17496,39.93749],[-0.21094,39.9488],[-0.23343,39.92618],[-0.26042,39.92618],[-0.29641,39.95365],[-0.29641,39.96819],[-0.31215,39.97465]]]}},{"type":"Feature","properties":{"name":"Orpesa/Oropesa del Mar","layer":"municipio"},"geometry":{"type":"MultiLineString","coordinates":[[[0.08594,40.0829],[0.10618,40.09098],[0.13317,40.12814],[0.16016,40.12329],[0.14667,40.0829],[0.11968,40.0619],[0.09044,40.05543],[0.08594,40.0829]]]}},{"type":"Feature","properties":{"name":"Palanques","layer":"municipio"},"geometry":{"type":"MultiLineString","coordinates":[[[-0.23793,40.69845],[-0.23343,40.70815],[-0.21769,40.72107],[-0.1817,40.72592],[-0.17721,40.71623],[-0.13222,40.70007],[-0.14347,40.69199],[-0.17945,40.70976],[-0.20644,40.70492],[-0.21094,40.69684],[-0.23793,40.69845]]]}},{"type":"Feature","properties":{"name":"Puebla de Arenoso","layer":"municipio"},"geometry":{"type":"MultiLineString","coordinates":[[[-0.62928,40.10229],[-0.60904,40.12491],[-0.5798,40.13783],[-0.53707,40.12167],[-0.52357,40.12491],[-0.51232,40.11037],[-0.56181,40.09744],[-0.57755,40.06028],[-0.61354,40.06997],[-0.62928,40.10229]]]}},{"type":"Feature","properties":{"name":"la Pobla Tornesa","layer":"municipio"},"geometry":{"type":"MultiLineString","coordinates":[[[-0.05575,40.09098],[-0.04901,40.10067],[-0.00402,40.12006],[0.00048,40.14106],[0.01622,40.14268],[0.01397,40.1346],[0.03421,40.08613],[0.00272,40.06997],[-0.01077,40.09744],[-0.02427,40.08936],[-0.05575,40.09098]]]}},{"type":"Feature","properties":{"name":"Ribesalbes","layer":"municipio"},"geometry":{"type":"MultiLineString","coordinates":[[[-0.29191,40.04736],[-0.28741,40.04736],[-0.26492,40.02474],[-0.24918,40.01989],[-0.28516,40.01181],[-0.29866,40.03928],[-0.29191,40.04736]]]}},{"type":"Feature","properties":{"name":"la Pobla de Benifass\u00e0","layer":"municipio"},"geometry":{"type":"MultiLineString","coordinates":[[[0.04321,40.69038],[0.07245,40.71461],[0.11518,40.72753],[0.14217,40.71784],[0.17141,40.73238],[0.1984,40.7243],[0.22539,40.73238],[0.23888,40.70168],[0.26137,40.70653],[0.29286,40.68714],[0.26812,40.65968],[0.25463,40.66291],[0.15791,40.64675],[0.13992,40.63706],[0.11968,40.63383],[0.09044,40.64998],[0.09944,40.65483],[0.08144,40.67583],[0.04321,40.69038]]]}},{"type":"Feature","properties":{"name":"Rossell","layer":"municipio"},"geometry":{"type":"MultiLineString","coordinates":[[[0.13992,40.63706],[0.15791,40.64675],[0.25463,40.66291],[0.26812,40.65968],[0.26587,40.64514],[0.27937,40.6306],[0.31085,40.61767],[0.28611,40.61444],[0.25912,40.57728],[0.24788,40.57567],[0.20964,40.59182],[0.1849,40.59505],[0.17366,40.60959],[0.15791,40.61444],[0.13992,40.63706]]]}},{"type":"Feature","properties":{"name":"Saca\u00f1et","layer":"municipio"},"geometry":{"type":"MultiLineString","coordinates":[[[-0.79796,39.88095],[-0.79796,39.88256],[-0.78447,39.88579],[-0.73724,39.86964],[-0.7035,39.86802],[-0.68776,39.85671],[-0.69001,39.85186],[-0.7125,39.81632],[-0.73724,39.82117],[-0.77322,39.86964],[-0.79796,39.88095]]]}},{"type":"Feature","properties":{"name":"Sant Mateu","layer":"municipio"},"geometry":{"type":"MultiLineString","coordinates":[[[0.09269,40.48034],[0.13092,40.48681],[0.17141,40.50619],[0.20515,40.49973],[0.23438,40.48034],[0.22089,40.42864],[0.21189,40.42057],[0.18715,40.42541],[0.12193,40.45611],[0.09269,40.48034]]]}},{"type":"Feature","properties":{"name":"la Salzadella","layer":"municipio"},"geometry":{"type":"MultiLineString","coordinates":[[[0.09269,40.48034],[0.12193,40.45611],[0.18715,40.42541],[0.21189,40.42057],[0.21639,40.41572],[0.19165,40.40441],[0.1894,40.3931],[0.16916,40.37371],[0.13317,40.38341],[0.09944,40.41895],[0.11518,40.44803],[0.09719,40.45288],[0.09269,40.48034]]]}},{"type":"Feature","properties":{"name":"Sant Jordi/San Jorge","layer":"municipio"},"geometry":{"type":"MultiLineString","coordinates":[[[0.30636,40.4965],[0.30411,40.50781],[0.31985,40.52881],[0.35809,40.56113],[0.41656,40.58859],[0.42331,40.58374],[0.39857,40.5482],[0.35359,40.51104],[0.32885,40.48681],[0.30636,40.4965]]]}},{"type":"Feature","properties":{"name":"San Rafael del R\u00edo","layer":"municipio"},"geometry":{"type":"MultiLineString","coordinates":[[[0.29961,40.59182],[0.31085,40.61767],[0.32885,40.61121],[0.39182,40.60475],[0.36933,40.58213],[0.34684,40.59505],[0.33784,40.56436],[0.29961,40.59182]]]}},{"type":"Feature","properties":{"name":"Santa Magdalena de Pulpis","layer":"municipio"},"geometry":{"type":"MultiLineString","coordinates":[[[0.1894,40.3931],[0.19165,40.40441],[0.21639,40.41572],[0.28162,40.39472],[0.3131,40.3931],[0.34909,40.37371],[0.34234,40.35271],[0.3131,40.33978],[0.30186,40.32363],[0.1894,40.3931]]]}},{"type":"Feature","properties":{"name":"la Serratella","layer":"municipio"},"geometry":{"type":"MultiLineString","coordinates":[[[-0.00852,40.31878],[0.02297,40.32201],[0.04996,40.3414],[0.0612,40.33494],[0.05895,40.29778],[0.02746,40.28001],[0.01172,40.29939],[0.02297,40.31232],[-0.00852,40.31878]]]}},{"type":"Feature","properties":{"name":"Segorbe","layer":"municipio"},"geometry":{"type":"MultiLineString","coordinates":[[[-0.53032,39.79693],[-0.50783,39.81471],[-0.49433,39.84379],[-0.51682,39.87125],[-0.51907,39.8761],[-0.50108,39.86479],[-0.47634,39.87933],[-0.46509,39.83894],[-0.46284,39.83571],[-0.44485,39.83894],[-0.44485,39.82601],[-0.42686,39.80824],[-0.39087,39.77916],[-0.38637,39.76947],[-0.38862,39.76947],[-0.40887,39.74523],[-0.44035,39.73069],[-0.44485,39.71938],[-0.46059,39.71615],[-0.47184,39.72585],[-0.49883,39.74685],[-0.51457,39.77916],[-0.53032,39.79693]]]}},{"type":"Feature","properties":{"name":"Soneja","layer":"municipio"},"geometry":{"type":"MultiLineString","coordinates":[[[-0.44485,39.82601],[-0.42686,39.82117],[-0.42011,39.83894],[-0.39762,39.85348],[-0.37963,39.83248],[-0.37738,39.81794],[-0.33015,39.82278],[-0.31665,39.82278],[-0.31665,39.80016],[-0.3279,39.80178],[-0.37738,39.80016],[-0.39537,39.81632],[-0.42686,39.80824],[-0.44485,39.82601]]]}},{"type":"Feature","properties":{"name":"Sot de Ferrer","layer":"municipio"},"geometry":{"type":"MultiLineString","coordinates":[[[-0.42686,39.80824],[-0.39537,39.81632],[-0.37738,39.80016],[-0.39087,39.77916],[-0.42686,39.80824]]]}},{"type":"Feature","properties":{"name":"Sierra Engarcer\u00e1n","layer":"municipio"},"geometry":{"type":"MultiLineString","coordinates":[[[-0.08499,40.22023],[-0.06925,40.27839],[-0.03326,40.32201],[-0.00852,40.31878],[0.02297,40.31232],[0.01172,40.29939],[0.02746,40.28001],[0.03196,40.27516],[0.02297,40.24931],[-0.00627,40.23477],[-0.00852,40.21538],[-0.05125,40.20892],[-0.08274,40.21538],[-0.08499,40.22023]]]}},{"type":"Feature","properties":{"name":"Tor\u00e1s","layer":"municipio"},"geometry":{"type":"MultiLineString","coordinates":[[[-0.72149,39.93911],[-0.7035,39.9488],[-0.69001,39.95203],[-0.65402,39.92134],[-0.69001,39.90356],[-0.72149,39.93911]]]}},{"type":"Feature","properties":{"name":"Sueras/Suera","layer":"municipio"},"geometry":{"type":"MultiLineString","coordinates":[[[-0.39537,39.93588],[-0.37513,39.95365],[-0.36613,39.97142],[-0.34139,39.9795],[-0.32115,39.96981],[-0.31665,39.95526],[-0.33015,39.94557],[-0.35264,39.93265],[-0.38188,39.9278],[-0.39537,39.93588]]]}},{"type":"Feature","properties":{"name":"Tales","layer":"municipio"},"geometry":{"type":"MultiLineString","coordinates":[[[-0.33015,39.94557],[-0.31665,39.95526],[-0.32115,39.96981],[-0.31215,39.97465],[-0.29641,39.96819],[-0.29641,39.95365],[-0.26042,39.92618],[-0.28067,39.92134],[-0.31665,39.93426],[-0.33015,39.94557]]]}},{"type":"Feature","properties":{"name":"Teresa","layer":"municipio"},"geometry":{"type":"MultiLineString","coordinates":[[[-0.7035,39.86802],[-0.71025,39.8761],[-0.69001,39.90356],[-0.65402,39.92134],[-0.64052,39.90195],[-0.66077,39.88579],[-0.66077,39.87125],[-0.68776,39.85671],[-0.7035,39.86802]]]}},{"type":"Feature","properties":{"name":"T\u00edrig","layer":"municipio"},"geometry":{"type":"MultiLineString","coordinates":[[[0.03196,40.44642],[0.05445,40.4658],[0.07919,40.46903],[0.09269,40.48034],[0.09719,40.45288],[0.11518,40.44803],[0.09944,40.41895],[0.08369,40.38987],[0.05445,40.39472],[0.04996,40.40764],[0.02971,40.41895],[0.03196,40.44642]]]}},{"type":"Feature","properties":{"name":"Todolella","layer":"municipio"},"geometry":{"type":"MultiLineString","coordinates":[[[-0.30765,40.65968],[-0.29416,40.67422],[-0.26042,40.68553],[-0.26717,40.66937],[-0.22669,40.64675],[-0.21769,40.63706],[-0.22444,40.61606],[-0.23793,40.60798],[-0.25592,40.60798],[-0.25817,40.62737],[-0.29641,40.63868],[-0.30765,40.65968]]]}},{"type":"Feature","properties":{"name":"Toga","layer":"municipio"},"geometry":{"type":"MultiLineString","coordinates":[[[-0.39762,40.02958],[-0.38412,40.04897],[-0.39762,40.07644],[-0.36838,40.07482],[-0.36838,40.05543],[-0.34139,40.04412],[-0.34589,40.03766],[-0.37738,40.02797],[-0.39762,40.02958]]]}},{"type":"Feature","properties":{"name":"El Toro","layer":"municipio"},"geometry":{"type":"MultiLineString","coordinates":[[[-0.84519,39.95365],[-0.83395,39.9795],[-0.79122,39.98919],[-0.76872,40.00858],[-0.76198,40.04089],[-0.71699,40.04089],[-0.7125,40.03605],[-0.74174,40.03605],[-0.73049,40.00535],[-0.71924,39.99889],[-0.7035,39.9488],[-0.72149,39.93911],[-0.77097,39.91811],[-0.79796,39.88256],[-0.82945,39.9068],[-0.84519,39.95365]]]}},{"type":"Feature","properties":{"name":"Torreblanca","layer":"municipio"},"geometry":{"type":"MultiLineString","coordinates":[[[0.15566,40.20569],[0.15791,40.22184],[0.17816,40.23154],[0.20739,40.23477],[0.22989,40.22346],[0.25463,40.20407],[0.23438,40.19922],[0.20065,40.18145],[0.15566,40.20569]]]}},{"type":"Feature","properties":{"name":"la Torre d'en Besora","layer":"municipio"},"geometry":{"type":"MultiLineString","coordinates":[[[-0.08274,40.33494],[-0.04901,40.33655],[-0.0535,40.32524],[-0.08499,40.29778],[-0.10523,40.32363],[-0.08274,40.33494]]]}},{"type":"Feature","properties":{"name":"la Torre d'en Dom\u00e9nec","layer":"municipio"},"geometry":{"type":"MultiLineString","coordinates":[[[0.07695,40.25739],[0.0567,40.27193],[0.08819,40.27031],[0.07695,40.25739]]]}},{"type":"Feature","properties":{"name":"Traiguera","layer":"municipio"},"geometry":{"type":"MultiLineString","coordinates":[[[0.25238,40.5272],[0.28162,40.55305],[0.29961,40.59182],[0.33784,40.56436],[0.34684,40.59505],[0.36933,40.58213],[0.39182,40.60475],[0.41656,40.58859],[0.35809,40.56113],[0.31985,40.52881],[0.30411,40.50781],[0.30636,40.4965],[0.29286,40.49973],[0.27037,40.49004],[0.25238,40.5272]]]}},{"type":"Feature","properties":{"name":"les Useres/Useras","layer":"municipio"},"geometry":{"type":"MultiLineString","coordinates":[[[-0.19745,40.14429],[-0.21094,40.15722],[-0.19745,40.17661],[-0.14122,40.21053],[-0.13447,40.22992],[-0.10973,40.23477],[-0.09399,40.23638],[-0.08499,40.22023],[-0.08274,40.21538],[-0.076,40.1863],[-0.08499,40.1653],[-0.10748,40.13137],[-0.12997,40.12975],[-0.13672,40.14429],[-0.1862,40.14106],[-0.19745,40.14429]]]}},{"type":"Feature","properties":{"name":"Vall d'Alba","layer":"municipio"},"geometry":{"type":"MultiLineString","coordinates":[[[-0.08499,40.1653],[-0.076,40.1863],[-0.08274,40.21538],[-0.05125,40.20892],[-0.00852,40.21538],[0.00947,40.20569],[0.02522,40.18307],[0.01847,40.15237],[-0.00177,40.14591],[-0.02427,40.15399],[-0.06025,40.15399],[-0.08499,40.1653]]]}},{"type":"Feature","properties":{"name":"Vall de Almonacid","layer":"municipio"},"geometry":{"type":"MultiLineString","coordinates":[[[-0.50333,39.8971],[-0.46959,39.92295],[-0.43361,39.90195],[-0.42011,39.90518],[-0.41111,39.89226],[-0.44485,39.88095],[-0.47634,39.87933],[-0.50333,39.8971]]]}},{"type":"Feature","properties":{"name":"Villamalur","layer":"municipio"},"geometry":{"type":"MultiLineString","coordinates":[[[-0.4516,39.96981],[-0.42236,39.97627],[-0.41111,39.96981],[-0.39087,39.97627],[-0.36613,39.97142],[-0.37513,39.95365],[-0.39537,39.93588],[-0.41111,39.93911],[-0.4471,39.96173],[-0.4516,39.96981]]]}},{"type":"Feature","properties":{"name":"la Vall d'Uix\u00f3","layer":"municipio"},"geometry":{"type":"MultiLineString","coordinates":[[[-0.30765,39.79693],[-0.25368,39.83409],[-0.25368,39.84863],[-0.24018,39.86317],[-0.23568,39.86156],[-0.21544,39.85994],[-0.17271,39.83248],[-0.17271,39.81309],[-0.1817,39.79855],[-0.20195,39.80178],[-0.21094,39.78724],[-0.24693,39.77755],[-0.27617,39.77108],[-0.30765,39.79693]]]}},{"type":"Feature","properties":{"name":"Vallibona","layer":"municipio"},"geometry":{"type":"MultiLineString","coordinates":[[[0.03871,40.64998],[0.0612,40.64514],[0.09044,40.64998],[0.11968,40.63383],[0.13992,40.63706],[0.15791,40.61444],[0.17366,40.60959],[0.1849,40.59505],[0.16241,40.5789],[0.14442,40.57567],[0.11518,40.58698],[0.07919,40.57243],[0.0612,40.5692],[0.00272,40.58536],[0.02522,40.60475],[0.00947,40.62252],[0.02522,40.62737],[0.03871,40.64998]]]}},{"type":"Feature","properties":{"name":"Villahermosa del R\u00edo","layer":"municipio"},"geometry":{"type":"MultiLineString","coordinates":[[[-0.51008,40.23154],[-0.50108,40.23315],[-0.46959,40.23962],[-0.4516,40.23477],[-0.38862,40.26223],[-0.37288,40.238],[-0.35039,40.22346],[-0.33914,40.22023],[-0.34814,40.18792],[-0.37513,40.1653],[-0.40212,40.15722],[-0.44935,40.16853],[-0.48309,40.16207],[-0.49433,40.19922],[-0.50783,40.20084],[-0.51008,40.23154]]]}},{"type":"Feature","properties":{"name":"Atzeneta d'Albaida","layer":"municipio"},"geometry":{"type":"MultiLineString","coordinates":[[[-0.49658,38.85018],[-0.48534,38.85502],[-0.48084,38.83725],[-0.46059,38.80979],[-0.46284,38.80817],[-0.48534,38.82917],[-0.50333,38.82594],[-0.49658,38.85018]]]}},{"type":"Feature","properties":{"name":"Vilanova d'Alcolea","layer":"municipio"},"geometry":{"type":"MultiLineString","coordinates":[[[0.02297,40.24931],[0.03196,40.27516],[0.0567,40.27354],[0.10843,40.28647],[0.11518,40.2687],[0.16016,40.23154],[0.15342,40.22346],[0.12867,40.20084],[0.09944,40.19922],[0.0522,40.21053],[0.04096,40.23315],[0.02297,40.24931]],[[0.07695,40.25739],[0.08819,40.27031],[0.0567,40.27193],[0.07695,40.25739]]]}},{"type":"Feature","properties":{"name":"Agullent","layer":"municipio"},"geometry":{"type":"MultiLineString","coordinates":[[[-0.5843,38.86795],[-0.57755,38.86956],[-0.53931,38.84371],[-0.53482,38.80979],[-0.54831,38.80494],[-0.55956,38.80332],[-0.5843,38.86795]]]}},{"type":"Feature","properties":{"name":"Vilar de Canes","layer":"municipio"},"geometry":{"type":"MultiLineString","coordinates":[[[-0.08949,40.35917],[-0.0715,40.38017],[-0.04451,40.36725],[-0.02876,40.3624],[-0.04901,40.33655],[-0.08274,40.33494],[-0.09174,40.33655],[-0.08949,40.35917]]]}},{"type":"Feature","properties":{"name":"Vila-real","layer":"municipio"},"geometry":{"type":"MultiLineString","coordinates":[[[-0.17496,39.93749],[-0.16596,39.98111],[-0.15247,39.97142],[-0.12098,39.96011],[-0.08724,39.95365],[-0.06025,39.93265],[-0.08274,39.92134],[-0.09624,39.90356],[-0.12997,39.9068],[-0.14797,39.89226],[-0.16821,39.89226],[-0.17046,39.89549],[-0.17496,39.93749]]]}},{"type":"Feature","properties":{"name":"la Vilavella","layer":"municipio"},"geometry":{"type":"MultiLineString","coordinates":[[[-0.18845,39.85025],[-0.21544,39.86479],[-0.19745,39.87771],[-0.17046,39.86156],[-0.18845,39.85025]]]}},{"type":"Feature","properties":{"name":"Villores","layer":"municipio"},"geometry":{"type":"MultiLineString","coordinates":[[[-0.20869,40.68876],[-0.1907,40.67422],[-0.22219,40.67422],[-0.23568,40.68068],[-0.20869,40.68876]]]}},{"type":"Feature","properties":{"name":"Vinar\u00f2s","layer":"municipio"},"geometry":{"type":"MultiLineString","coordinates":[[[0.35359,40.51104],[0.39857,40.5482],[0.42331,40.58374],[0.44355,40.5789],[0.43231,40.56597],[0.43905,40.54658],[0.51552,40.52235],[0.47729,40.4658],[0.45255,40.44318],[0.4413,40.44803],[0.41656,40.47873],[0.37383,40.49004],[0.35359,40.51104]]]}},{"type":"Feature","properties":{"name":"Vistabella del Maestrat","layer":"municipio"},"geometry":{"type":"MultiLineString","coordinates":[[[-0.39087,40.30586],[-0.37738,40.30424],[-0.31215,40.35917],[-0.28067,40.36887],[-0.25817,40.3721],[-0.24693,40.37533],[-0.21769,40.36887],[-0.2042,40.35109],[-0.1997,40.33494],[-0.20869,40.32201],[-0.23793,40.29132],[-0.23793,40.27516],[-0.25368,40.26385],[-0.27842,40.26062],[-0.31215,40.26547],[-0.33239,40.23477],[-0.35039,40.22346],[-0.37288,40.238],[-0.38862,40.26223],[-0.38188,40.27677],[-0.39987,40.29616],[-0.39087,40.30586]]]}},{"type":"Feature","properties":{"name":"Viver","layer":"municipio"},"geometry":{"type":"MultiLineString","coordinates":[[[-0.69001,39.95203],[-0.65627,39.96334],[-0.65402,39.9795],[-0.64727,39.98111],[-0.63828,39.97142],[-0.59554,39.9488],[-0.5843,39.92941],[-0.59779,39.89549],[-0.61578,39.87933],[-0.64052,39.90195],[-0.65402,39.92134],[-0.69001,39.95203]]]}},{"type":"Feature","properties":{"name":"Alaqu\u00e0s","layer":"municipio"},"geometry":{"type":"MultiLineString","coordinates":[[[-0.50783,39.44473],[-0.46284,39.45927],[-0.44935,39.45927],[-0.4471,39.4528],[-0.4561,39.44957],[-0.50783,39.44473]]]}},{"type":"Feature","properties":{"name":"Zorita del Maestrazgo","layer":"municipio"},"geometry":{"type":"MultiLineString","coordinates":[[[-0.24018,40.71784],[-0.22444,40.75338],[-0.21319,40.75823],[-0.19745,40.78408],[-0.14347,40.7857],[-0.14797,40.77439],[-0.12772,40.75338],[-0.10298,40.74208],[-0.10298,40.70976],[-0.10973,40.69361],[-0.13222,40.70007],[-0.17721,40.71623],[-0.1817,40.72592],[-0.21769,40.72107],[-0.23343,40.70815],[-0.24018,40.71784]]]}},{"type":"Feature","properties":{"name":"Albal","layer":"municipio"},"geometry":{"type":"MultiLineString","coordinates":[[[-0.44935,39.4011],[-0.40662,39.4011],[-0.35714,39.36556],[-0.35714,39.36395],[-0.39312,39.38495],[-0.42461,39.3898],[-0.43361,39.38333],[-0.44935,39.4011]]]}},{"type":"Feature","properties":{"name":"Zucaina","layer":"municipio"},"geometry":{"type":"MultiLineString","coordinates":[[[-0.50108,40.10713],[-0.48309,40.13298],[-0.49208,40.16045],[-0.48309,40.16207],[-0.44935,40.16853],[-0.40212,40.15722],[-0.39537,40.14268],[-0.40437,40.12329],[-0.42461,40.11037],[-0.40437,40.10067],[-0.44035,40.09906],[-0.4561,40.08775],[-0.47184,40.10067],[-0.50108,40.10713]]]}},{"type":"Feature","properties":{"name":"Albalat de la Ribera","layer":"municipio"},"geometry":{"type":"MultiLineString","coordinates":[[[-0.40437,39.19915],[-0.37513,39.24277],[-0.35714,39.24762],[-0.35039,39.246],[-0.36163,39.21208],[-0.35489,39.20077],[-0.40437,39.19915]]]}},{"type":"Feature","properties":{"name":"les Alqueries/Alquer\u00edas del Ni\u00f1o Perdido","layer":"municipio"},"geometry":{"type":"MultiLineString","coordinates":[[[-0.16821,39.89226],[-0.14797,39.89226],[-0.12997,39.9068],[-0.09624,39.90356],[-0.10973,39.88418],[-0.13672,39.86641],[-0.16821,39.89226]]]}},{"type":"Feature","properties":{"name":"Alfauir","layer":"municipio"},"geometry":{"type":"MultiLineString","coordinates":[[[-0.26042,38.91965],[-0.26042,38.92611],[-0.24468,38.93419],[-0.25592,38.94873],[-0.23793,38.94065],[-0.23793,38.93742],[-0.23343,38.92126],[-0.24693,38.90834],[-0.26042,38.91965]]]}},{"type":"Feature","properties":{"name":"Sant Joan de Mor\u00f3","layer":"municipio"},"geometry":{"type":"MultiLineString","coordinates":[[[-0.15696,40.03282],[-0.15471,40.0619],[-0.16596,40.07159],[-0.14797,40.08775],[-0.14572,40.09582],[-0.11873,40.10067],[-0.10523,40.07482],[-0.09174,40.08452],[-0.06475,40.08128],[-0.10748,40.05382],[-0.12548,40.05059],[-0.15696,40.03282]]]}},{"type":"Feature","properties":{"name":"Ademuz","layer":"municipio"},"geometry":{"type":"MultiLineString","coordinates":[[[-1.31526,40.09421],[-1.27253,40.09259],[-1.24779,40.08613],[-1.25678,40.10875],[-1.25229,40.1136],[-1.24554,40.11683],[-1.20056,40.11037],[-1.14883,40.11521],[-1.16682,40.06997],[-1.18931,40.05543],[-1.16457,40.0102],[-1.19156,40.00212],[-1.2208,40.02797],[-1.21405,40.03766],[-1.26578,40.0522],[-1.31301,40.0312],[-1.31526,40.09421]]]}},{"type":"Feature","properties":{"name":"Ador","layer":"municipio"},"geometry":{"type":"MultiLineString","coordinates":[[[-0.24693,38.90834],[-0.23343,38.92126],[-0.23793,38.93742],[-0.23343,38.92611],[-0.1997,38.92288],[-0.2042,38.91157],[-0.22894,38.89541],[-0.25368,38.89864],[-0.24693,38.90834]],[[-0.24243,38.96327],[-0.27392,38.9665],[-0.28741,38.95358],[-0.29191,38.94873],[-0.29641,38.9665],[-0.24243,38.96327]]]}},{"type":"Feature","properties":{"name":"Albaida","layer":"municipio"},"geometry":{"type":"MultiLineString","coordinates":[[[-0.57755,38.86956],[-0.56855,38.88087],[-0.52582,38.89218],[-0.51907,38.86795],[-0.50558,38.86472],[-0.49658,38.85018],[-0.50333,38.82594],[-0.48534,38.82917],[-0.46284,38.80817],[-0.47859,38.80494],[-0.52582,38.80979],[-0.51907,38.82917],[-0.53931,38.84371],[-0.57755,38.86956]]]}},{"type":"Feature","properties":{"name":"Alm\u00e0ssera","layer":"municipio"},"geometry":{"type":"MultiLineString","coordinates":[[[-0.36388,39.51097],[-0.36163,39.51581],[-0.35039,39.52228],[-0.33914,39.51905],[-0.35714,39.50774],[-0.36388,39.51097]]]}},{"type":"Feature","properties":{"name":"Albalat dels Sorells","layer":"municipio"},"geometry":{"type":"MultiLineString","coordinates":[[[-0.38412,39.57559],[-0.33914,39.55136],[-0.33239,39.54005],[-0.31215,39.53036],[-0.31215,39.52874],[-0.34814,39.53843],[-0.38412,39.57559]]]}},{"type":"Feature","properties":{"name":"Albalat dels Tarongers","layer":"municipio"},"geometry":{"type":"MultiLineString","coordinates":[[[-0.39312,39.65961],[-0.36838,39.67253],[-0.36388,39.68546],[-0.37738,39.69353],[-0.34589,39.70484],[-0.3234,39.71777],[-0.31215,39.70807],[-0.32565,39.69192],[-0.36163,39.66607],[-0.36388,39.64506],[-0.37963,39.62406],[-0.39312,39.65961]]]}},{"type":"Feature","properties":{"name":"Almiser\u00e0","layer":"municipio"},"geometry":{"type":"MultiLineString","coordinates":[[[-0.30765,38.91642],[-0.30316,38.93419],[-0.29191,38.9455],[-0.27167,38.92288],[-0.26042,38.92611],[-0.26042,38.91965],[-0.27842,38.91157],[-0.30541,38.91642],[-0.30765,38.91642]]]}},{"type":"Feature","properties":{"name":"Alberic","layer":"municipio"},"geometry":{"type":"MultiLineString","coordinates":[[[-0.5843,39.11999],[-0.5663,39.13291],[-0.54381,39.13776],[-0.53032,39.13937],[-0.51232,39.14422],[-0.50783,39.14584],[-0.49433,39.12483],[-0.50333,39.11029],[-0.53707,39.08606],[-0.54156,39.09737],[-0.58205,39.11352],[-0.5843,39.11999]]]}},{"type":"Feature","properties":{"name":"Alborache","layer":"municipio"},"geometry":{"type":"MultiLineString","coordinates":[[[-0.79796,39.40272],[-0.77772,39.40272],[-0.73499,39.42049],[-0.72824,39.41403],[-0.73724,39.4011],[-0.74623,39.32517],[-0.76423,39.32194],[-0.76423,39.3801],[-0.79571,39.39141],[-0.79796,39.40272]]]}},{"type":"Feature","properties":{"name":"Almoines","layer":"municipio"},"geometry":{"type":"MultiLineString","coordinates":[[[-0.18845,38.93904],[-0.1817,38.95519],[-0.17046,38.95034],[-0.16596,38.94227],[-0.17046,38.94065],[-0.18845,38.93904]]]}},{"type":"Feature","properties":{"name":"Alboraia/Alboraya","layer":"municipio"},"geometry":{"type":"MultiLineString","coordinates":[[[-0.35938,39.50289],[-0.35714,39.50774],[-0.33914,39.51905],[-0.3189,39.5142],[-0.3234,39.4835],[-0.35714,39.49481],[-0.35938,39.50289]]]}},{"type":"Feature","properties":{"name":"Albuixech","layer":"municipio"},"geometry":{"type":"MultiLineString","coordinates":[[[-0.33239,39.54005],[-0.33239,39.55136],[-0.32565,39.55297],[-0.29866,39.5449],[-0.31215,39.53036],[-0.33239,39.54005]]]}},{"type":"Feature","properties":{"name":"Alc\u00e0sser","layer":"municipio"},"geometry":{"type":"MultiLineString","coordinates":[[[-0.46509,39.39949],[-0.4516,39.40272],[-0.44935,39.4011],[-0.43361,39.38333],[-0.42461,39.37687],[-0.43136,39.36395],[-0.44935,39.36395],[-0.46059,39.37525],[-0.46509,39.39949]]]}},{"type":"Feature","properties":{"name":"Alc\u00e0ntera de X\u00faquer","layer":"municipio"},"geometry":{"type":"MultiLineString","coordinates":[[[-0.56405,39.08283],[-0.55506,39.0909],[-0.55056,39.05698],[-0.54831,39.0489],[-0.54381,39.04405],[-0.55056,39.04728],[-0.55731,39.04405],[-0.56405,39.08283]]]}},{"type":"Feature","properties":{"name":"Alzira","layer":"municipio"},"geometry":{"type":"MultiLineString","coordinates":[[[-0.50108,39.16038],[-0.46059,39.18138],[-0.42461,39.1733],[-0.41111,39.18623],[-0.40437,39.18461],[-0.39312,39.17653],[-0.37063,39.14422],[-0.34814,39.12806],[-0.32565,39.11191],[-0.30541,39.09898],[-0.30316,39.09737],[-0.31665,39.09252],[-0.33464,39.0699],[-0.35489,39.08929],[-0.45385,39.13614],[-0.48758,39.13291],[-0.48534,39.14907],[-0.50783,39.14584],[-0.51232,39.14422],[-0.50108,39.16038]],[[-0.62703,39.15715],[-0.59554,39.16361],[-0.53931,39.16361],[-0.54156,39.14907],[-0.54381,39.13776],[-0.5663,39.13291],[-0.5843,39.11999],[-0.63603,39.11029],[-0.64727,39.11999],[-0.63603,39.1313],[-0.5843,39.14422],[-0.62703,39.15715]]]}},{"type":"Feature","properties":{"name":"Alcublas","layer":"municipio"},"geometry":{"type":"MultiLineString","coordinates":[[[-0.7125,39.81632],[-0.69001,39.85186],[-0.65627,39.83571],[-0.64502,39.79209],[-0.65177,39.75331],[-0.699,39.77431],[-0.71025,39.79047],[-0.7125,39.81632]]]}},{"type":"Feature","properties":{"name":"Almussafes","layer":"municipio"},"geometry":{"type":"MultiLineString","coordinates":[[[-0.42686,39.33002],[-0.40662,39.32517],[-0.39762,39.27832],[-0.41336,39.25731],[-0.41336,39.28155],[-0.42461,39.30578],[-0.42686,39.33002]]]}},{"type":"Feature","properties":{"name":"l'Alc\u00fadia","layer":"municipio"},"geometry":{"type":"MultiLineString","coordinates":[[[-0.50108,39.16522],[-0.51907,39.17007],[-0.50108,39.16522]],[[-0.51682,39.20561],[-0.48309,39.22985],[-0.48084,39.20723],[-0.50333,39.183],[-0.51907,39.18784],[-0.52132,39.17492],[-0.55731,39.17492],[-0.5798,39.183],[-0.5843,39.1943],[-0.54156,39.1943],[-0.51682,39.20561]]]}},{"type":"Feature","properties":{"name":"l'Alc\u00fadia de Crespins","layer":"municipio"},"geometry":{"type":"MultiLineString","coordinates":[[[-0.62928,38.97943],[-0.60454,38.97781],[-0.58205,38.96812],[-0.61578,38.96165],[-0.62928,38.97943]]]}},{"type":"Feature","properties":{"name":"Alpuente","layer":"municipio"},"geometry":{"type":"MultiLineString","coordinates":[[[-1.09035,39.91326],[-1.0881,39.96981],[-1.05661,39.98111],[-1.02512,39.97465],[-1.00263,39.98111],[-0.97564,39.97627],[-0.98239,39.83894],[-0.99364,39.82117],[-1.04312,39.81632],[-1.06561,39.89872],[-1.09035,39.91326]]]}},{"type":"Feature","properties":{"name":"Aldaia","layer":"municipio"},"geometry":{"type":"MultiLineString","coordinates":[[[-0.55056,39.44957],[-0.52582,39.45119],[-0.48758,39.47381],[-0.45385,39.47704],[-0.44035,39.46411],[-0.44935,39.45927],[-0.46284,39.45927],[-0.50783,39.44473],[-0.53482,39.44311],[-0.55056,39.44957]]]}},{"type":"Feature","properties":{"name":"Alfara de la Baronia","layer":"municipio"},"geometry":{"type":"MultiLineString","coordinates":[[[-0.38862,39.76947],[-0.38637,39.76947],[-0.35938,39.76624],[-0.3279,39.79693],[-0.32115,39.77593],[-0.34589,39.7517],[-0.36163,39.75977],[-0.38188,39.75654],[-0.38862,39.76947]]]}},{"type":"Feature","properties":{"name":"Alfafar","layer":"municipio"},"geometry":{"type":"MultiLineString","coordinates":[[[-0.40437,39.41565],[-0.40437,39.41888],[-0.39987,39.42857],[-0.39087,39.42695],[-0.35714,39.41888],[-0.33015,39.36556],[-0.34364,39.37041],[-0.37063,39.40757],[-0.40437,39.41565]],[[-0.38188,39.42049],[-0.38188,39.42049]]]}},{"type":"Feature","properties":{"name":"Alfarb","layer":"municipio"},"geometry":{"type":"MultiLineString","coordinates":[[[-0.5663,39.27993],[-0.54831,39.28316],[-0.50333,39.31063],[-0.48758,39.30255],[-0.48309,39.28478],[-0.50558,39.27993],[-0.50333,39.26862],[-0.53931,39.25893],[-0.56181,39.26055],[-0.5663,39.27993]]]}},{"type":"Feature","properties":{"name":"Alfarras\u00ed","layer":"municipio"},"geometry":{"type":"MultiLineString","coordinates":[[[-0.51682,38.89541],[-0.51907,38.91642],[-0.50783,38.92773],[-0.49208,38.91803],[-0.49208,38.91157],[-0.48534,38.90026],[-0.51008,38.8938],[-0.51682,38.89541]]]}},{"type":"Feature","properties":{"name":"Algar de Pal\u00e0ncia","layer":"municipio"},"geometry":{"type":"MultiLineString","coordinates":[[[-0.39087,39.77916],[-0.37738,39.80016],[-0.3279,39.80178],[-0.3279,39.79693],[-0.35938,39.76624],[-0.38637,39.76947],[-0.39087,39.77916]]]}},{"type":"Feature","properties":{"name":"Algemes\u00ed","layer":"municipio"},"geometry":{"type":"MultiLineString","coordinates":[[[-0.46734,39.23793],[-0.43136,39.24762],[-0.41336,39.24277],[-0.37513,39.24277],[-0.40437,39.19915],[-0.41111,39.18623],[-0.42461,39.1733],[-0.46059,39.18138],[-0.46734,39.23793]]]}},{"type":"Feature","properties":{"name":"Alg\u00edmia d'Alfara","layer":"municipio"},"geometry":{"type":"MultiLineString","coordinates":[[[-0.44035,39.73069],[-0.40887,39.74523],[-0.38862,39.76947],[-0.38188,39.75654],[-0.36163,39.75977],[-0.34589,39.7517],[-0.34814,39.74846],[-0.41786,39.72585],[-0.44035,39.73069]]]}},{"type":"Feature","properties":{"name":"Alginet","layer":"municipio"},"geometry":{"type":"MultiLineString","coordinates":[[[-0.50333,39.26862],[-0.50558,39.27993],[-0.48309,39.28478],[-0.41336,39.25731],[-0.41336,39.24277],[-0.43136,39.24762],[-0.46734,39.23793],[-0.47184,39.23631],[-0.50333,39.26862]]]}},{"type":"Feature","properties":{"name":"l'Alqueria de la Comtessa","layer":"municipio"},"geometry":{"type":"MultiLineString","coordinates":[[[-0.16371,38.94227],[-0.15696,38.94711],[-0.14347,38.94065],[-0.14122,38.93742],[-0.14797,38.92611],[-0.16146,38.92611],[-0.16371,38.94227]]]}},{"type":"Feature","properties":{"name":"Andilla","layer":"municipio"},"geometry":{"type":"MultiLineString","coordinates":[[[-0.89692,39.85025],[-0.89468,39.85671],[-0.86769,39.84702],[-0.8272,39.87125],[-0.79796,39.88095],[-0.77322,39.86964],[-0.73724,39.82117],[-0.7125,39.81632],[-0.71025,39.79047],[-0.699,39.77431],[-0.74174,39.78078],[-0.79571,39.73877],[-0.8317,39.75816],[-0.85644,39.79047],[-0.88793,39.8034],[-0.88343,39.82763],[-0.89692,39.85025]]]}},{"type":"Feature","properties":{"name":"Antella","layer":"municipio"},"geometry":{"type":"MultiLineString","coordinates":[[[-0.63603,39.11029],[-0.5843,39.11999],[-0.58205,39.11352],[-0.5753,39.08283],[-0.58205,39.07636],[-0.60004,39.06667],[-0.60904,39.08283],[-0.63603,39.1006],[-0.63603,39.11029]]]}},{"type":"Feature","properties":{"name":"Aras de los Olmos","layer":"municipio"},"geometry":{"type":"MultiLineString","coordinates":[[[-1.19831,39.87287],[-1.19606,39.91326],[-1.20955,39.9278],[-1.20505,39.9488],[-1.15332,39.96334],[-1.14208,39.97142],[-1.12633,39.96334],[-1.10609,39.97465],[-1.0881,39.96981],[-1.09035,39.91326],[-1.19831,39.87287]]]}},{"type":"Feature","properties":{"name":"Aielo de Malferit","layer":"municipio"},"geometry":{"type":"MultiLineString","coordinates":[[[-0.66077,38.86149],[-0.64727,38.87926],[-0.62253,38.89057],[-0.59554,38.91157],[-0.58205,38.92288],[-0.57305,38.91642],[-0.5798,38.89218],[-0.56855,38.88087],[-0.57755,38.86956],[-0.5843,38.86795],[-0.64277,38.85987],[-0.66077,38.86149]]]}},{"type":"Feature","properties":{"name":"Aielo de Rugat","layer":"municipio"},"geometry":{"type":"MultiLineString","coordinates":[[[-0.37063,38.90511],[-0.36388,38.90188],[-0.32565,38.87441],[-0.31215,38.87441],[-0.3234,38.8631],[-0.34364,38.86149],[-0.35264,38.86795],[-0.36613,38.89218],[-0.36613,38.89541],[-0.36838,38.89703],[-0.37063,38.90511]]]}},{"type":"Feature","properties":{"name":"Ayora","layer":"municipio"},"geometry":{"type":"MultiLineString","coordinates":[[[-1.26578,39.05051],[-1.26578,39.07475],[-1.25678,39.08444],[-1.25678,39.10545],[-1.24104,39.11352],[-1.23204,39.13291],[-1.21405,39.12322],[-1.17132,39.1006],[-1.16907,39.08929],[-1.09935,39.07313],[-1.05661,39.07798],[-1.04537,39.06829],[-1.00263,39.06829],[-0.97789,39.06344],[-0.93516,39.07475],[-0.90592,39.09414],[-0.89468,39.07798],[-0.90142,39.05213],[-0.88793,39.02466],[-0.88118,39.01174],[-0.90592,38.96973],[-0.93966,38.94873],[-0.9599,38.94388],[-1.00038,38.95034],[-1.01613,38.93742],[-1.10834,38.92934],[-1.14658,38.92934],[-1.16007,38.95519],[-1.22755,39.02466],[-1.26578,39.05051]]]}},{"type":"Feature","properties":{"name":"Carlet","layer":"municipio"},"geometry":{"type":"MultiLineString","coordinates":[[[-0.60229,39.22985],[-0.53931,39.25893],[-0.50333,39.26862],[-0.47184,39.23631],[-0.48309,39.22985],[-0.51682,39.20561],[-0.53032,39.22177],[-0.53931,39.21208],[-0.56181,39.21208],[-0.59329,39.20238],[-0.60229,39.22985]]]}},{"type":"Feature","properties":{"name":"Barxeta","layer":"municipio"},"geometry":{"type":"MultiLineString","coordinates":[[[-0.46959,39.02789],[-0.43585,39.02951],[-0.38412,39.03759],[-0.37963,39.02143],[-0.40437,38.98427],[-0.43361,38.97943],[-0.4426,39.00366],[-0.46059,39.00366],[-0.46059,39.00689],[-0.46284,39.00851],[-0.46959,39.0182],[-0.46959,39.02789]]]}},{"type":"Feature","properties":{"name":"Barx","layer":"municipio"},"geometry":{"type":"MultiLineString","coordinates":[[[-0.35714,39.01012],[-0.34814,39.02305],[-0.30765,39.02466],[-0.28067,39.01497],[-0.26942,39.00851],[-0.28741,38.99558],[-0.32115,39.00043],[-0.35714,39.01012]]]}},{"type":"Feature","properties":{"name":"B\u00e8lgida","layer":"municipio"},"geometry":{"type":"MultiLineString","coordinates":[[[-0.48983,38.86795],[-0.46959,38.8938],[-0.4471,38.89218],[-0.4471,38.89057],[-0.45385,38.87279],[-0.44485,38.85179],[-0.44485,38.82109],[-0.4471,38.81948],[-0.4561,38.82756],[-0.46959,38.85664],[-0.48309,38.85664],[-0.48983,38.86795]]]}},{"type":"Feature","properties":{"name":"Bellreguard","layer":"municipio"},"geometry":{"type":"MultiLineString","coordinates":[[[-0.15022,38.95519],[-0.14572,38.94873],[-0.15696,38.94711],[-0.16371,38.94227],[-0.16596,38.94227],[-0.17046,38.95034],[-0.15022,38.95519]],[[-0.13222,38.96812],[-0.12772,38.96327],[-0.14572,38.96004],[-0.13222,38.96812]]]}},{"type":"Feature","properties":{"name":"Bu\u00f1ol","layer":"municipio"},"geometry":{"type":"MultiLineString","coordinates":[[[-0.97789,39.42857],[-0.93516,39.42211],[-0.90592,39.42695],[-0.87893,39.4415],[-0.85419,39.48835],[-0.80921,39.47542],[-0.77097,39.45442],[-0.74848,39.44634],[-0.73274,39.42372],[-0.73499,39.42049],[-0.77772,39.40272],[-0.79796,39.40272],[-0.81596,39.40918],[-0.84519,39.40757],[-0.87218,39.38818],[-0.91492,39.39303],[-0.94191,39.40272],[-0.95315,39.38333],[-0.97564,39.39626],[-0.97789,39.42857]]]}},{"type":"Feature","properties":{"name":"Bell\u00fas","layer":"municipio"},"geometry":{"type":"MultiLineString","coordinates":[[[-0.52807,38.94873],[-0.48983,38.96489],[-0.47409,38.93257],[-0.47634,38.93257],[-0.50783,38.93257],[-0.52132,38.94065],[-0.52807,38.94873]]]}},{"type":"Feature","properties":{"name":"Benag\u00e9ber","layer":"municipio"},"geometry":{"type":"MultiLineString","coordinates":[[[-1.16682,39.67899],[-1.16232,39.73069],[-1.16907,39.74362],[-1.15108,39.77431],[-1.13758,39.76462],[-1.09485,39.76301],[-1.06561,39.73877],[-1.0926,39.69676],[-1.13083,39.67576],[-1.14658,39.65961],[-1.16682,39.67899]]]}},{"type":"Feature","properties":{"name":"Benaguasil","layer":"municipio"},"geometry":{"type":"MultiLineString","coordinates":[[[-0.68551,39.60629],[-0.67651,39.62245],[-0.60679,39.60306],[-0.5753,39.60467],[-0.56855,39.58367],[-0.5798,39.58206],[-0.57305,39.5659],[-0.59329,39.56751],[-0.62028,39.58529],[-0.63603,39.5869],[-0.64727,39.60144],[-0.65852,39.59821],[-0.68551,39.60629]]]}},{"type":"Feature","properties":{"name":"Benavites","layer":"municipio"},"geometry":{"type":"MultiLineString","coordinates":[[[-0.1952,39.72423],[-0.23343,39.72746],[-0.24243,39.72908],[-0.25592,39.73554],[-0.26042,39.74362],[-0.23343,39.74039],[-0.1952,39.72423]],[[-0.26492,39.74362],[-0.26492,39.74362]]]}},{"type":"Feature","properties":{"name":"Beneixida","layer":"municipio"},"geometry":{"type":"MultiLineString","coordinates":[[[-0.54381,39.04728],[-0.54156,39.04567],[-0.54381,39.04405],[-0.54831,39.0489],[-0.54381,39.04728]],[[-0.53931,39.07636],[-0.54381,39.05536],[-0.55056,39.05698],[-0.55506,39.0909],[-0.53931,39.07636]]]}},{"type":"Feature","properties":{"name":"Benet\u00fasser","layer":"municipio"},"geometry":{"type":"MultiLineString","coordinates":[[[-0.40437,39.41888],[-0.40212,39.42857],[-0.39987,39.42857],[-0.40437,39.41888]]]}},{"type":"Feature","properties":{"name":"Beniarj\u00f3","layer":"municipio"},"geometry":{"type":"MultiLineString","coordinates":[[[-0.21094,38.93742],[-0.18845,38.93904],[-0.17046,38.94065],[-0.1817,38.92934],[-0.1952,38.92934],[-0.21094,38.93742]]]}},{"type":"Feature","properties":{"name":"Beniatjar","layer":"municipio"},"geometry":{"type":"MultiLineString","coordinates":[[[-0.44035,38.88087],[-0.42461,38.87764],[-0.42236,38.87926],[-0.42236,38.86633],[-0.39987,38.8421],[-0.40212,38.84048],[-0.40437,38.8324],[-0.43136,38.82594],[-0.44035,38.88087]]]}},{"type":"Feature","properties":{"name":"Benicolet","layer":"municipio"},"geometry":{"type":"MultiLineString","coordinates":[[[-0.37063,38.90511],[-0.35714,38.91965],[-0.33914,38.92449],[-0.34139,38.93742],[-0.3234,38.92934],[-0.30316,38.93419],[-0.30765,38.91642],[-0.3099,38.90834],[-0.33239,38.90834],[-0.36388,38.90188],[-0.37063,38.90511]]]}},{"type":"Feature","properties":{"name":"Carr\u00edcola","layer":"municipio"},"geometry":{"type":"MultiLineString","coordinates":[[[-0.48534,38.85502],[-0.48309,38.85664],[-0.46959,38.85664],[-0.4561,38.82756],[-0.46059,38.82756],[-0.48084,38.83725],[-0.48534,38.85502]]]}},{"type":"Feature","properties":{"name":"Benifair\u00f3 de les Valls","layer":"municipio"},"geometry":{"type":"MultiLineString","coordinates":[[[-0.28741,39.73069],[-0.26492,39.73554],[-0.26042,39.72261],[-0.28516,39.71454],[-0.28741,39.73069]]]}},{"type":"Feature","properties":{"name":"Benifair\u00f3 de la Valldigna","layer":"municipio"},"geometry":{"type":"MultiLineString","coordinates":[[[-0.33464,39.0699],[-0.31665,39.09252],[-0.30316,39.09737],[-0.28966,39.07798],[-0.28966,39.06505],[-0.26717,39.0392],[-0.26942,39.02951],[-0.27617,39.01982],[-0.29416,39.05213],[-0.33015,39.05213],[-0.33464,39.0699]]]}},{"type":"Feature","properties":{"name":"Benifai\u00f3","layer":"municipio"},"geometry":{"type":"MultiLineString","coordinates":[[[-0.48758,39.30255],[-0.4426,39.30094],[-0.42461,39.30578],[-0.41336,39.28155],[-0.41336,39.25731],[-0.48309,39.28478],[-0.48758,39.30255]]]}},{"type":"Feature","properties":{"name":"Benifl\u00e1","layer":"municipio"},"geometry":{"type":"MultiLineString","coordinates":[[[-0.1997,38.92449],[-0.1952,38.92934],[-0.1817,38.92934],[-0.18395,38.92611],[-0.1997,38.92449]]]}},{"type":"Feature","properties":{"name":"Benig\u00e0nim","layer":"municipio"},"geometry":{"type":"MultiLineString","coordinates":[[[-0.49208,38.96489],[-0.43361,38.97943],[-0.40437,38.98427],[-0.39312,38.98104],[-0.42011,38.96004],[-0.42461,38.93257],[-0.4471,38.91965],[-0.45835,38.91642],[-0.47409,38.93257],[-0.48983,38.96489],[-0.49208,38.96489]]]}},{"type":"Feature","properties":{"name":"Benimodo","layer":"municipio"},"geometry":{"type":"MultiLineString","coordinates":[[[-0.54156,39.14907],[-0.53482,39.15715],[-0.53032,39.13937],[-0.54381,39.13776],[-0.54156,39.14907]],[[-0.51682,39.20561],[-0.54156,39.1943],[-0.5843,39.1943],[-0.59329,39.20238],[-0.56181,39.21208],[-0.53931,39.21208],[-0.53032,39.22177],[-0.51682,39.20561]]]}},{"type":"Feature","properties":{"name":"Benissan\u00f3","layer":"municipio"},"geometry":{"type":"MultiLineString","coordinates":[[[-0.5843,39.61921],[-0.55956,39.6176],[-0.5798,39.60791],[-0.5843,39.61921]]]}},{"type":"Feature","properties":{"name":"Benissoda","layer":"municipio"},"geometry":{"type":"MultiLineString","coordinates":[[[-0.53931,38.84371],[-0.51907,38.82917],[-0.52582,38.80979],[-0.53482,38.80979],[-0.53931,38.84371]]]}},{"type":"Feature","properties":{"name":"Benissuera","layer":"municipio"},"geometry":{"type":"MultiLineString","coordinates":[[[-0.49208,38.91157],[-0.46959,38.91319],[-0.47634,38.90511],[-0.48534,38.90026],[-0.49208,38.91157]]]}},{"type":"Feature","properties":{"name":"Catadau","layer":"municipio"},"geometry":{"type":"MultiLineString","coordinates":[[[-0.69001,39.26216],[-0.68776,39.26701],[-0.67651,39.26216],[-0.5663,39.27993],[-0.56181,39.26055],[-0.53931,39.25893],[-0.60229,39.22985],[-0.63603,39.23793],[-0.69001,39.26216]]]}},{"type":"Feature","properties":{"name":"B\u00e9tera","layer":"municipio"},"geometry":{"type":"MultiLineString","coordinates":[[[-0.51008,39.64183],[-0.49208,39.64991],[-0.46284,39.64345],[-0.41111,39.60952],[-0.39537,39.59175],[-0.42011,39.55944],[-0.42686,39.56267],[-0.43361,39.56105],[-0.44935,39.5449],[-0.48309,39.5659],[-0.51008,39.58529],[-0.51907,39.61275],[-0.51008,39.64183]]]}},{"type":"Feature","properties":{"name":"Bolbaite","layer":"municipio"},"geometry":{"type":"MultiLineString","coordinates":[[[-0.8317,39.03759],[-0.78222,39.06182],[-0.75298,39.05859],[-0.71475,39.07152],[-0.67426,39.07798],[-0.66526,39.06344],[-0.71699,39.03759],[-0.78222,39.03113],[-0.80471,39.0182],[-0.8317,39.03759]]]}},{"type":"Feature","properties":{"name":"Bonrep\u00f2s i Mirambell","layer":"municipio"},"geometry":{"type":"MultiLineString","coordinates":[[[-0.37063,39.52712],[-0.36613,39.52389],[-0.36163,39.51581],[-0.36388,39.51097],[-0.36613,39.51258],[-0.37063,39.52712]]]}},{"type":"Feature","properties":{"name":"Bicorp","layer":"municipio"},"geometry":{"type":"MultiLineString","coordinates":[[[-0.91942,39.15068],[-0.88793,39.16845],[-0.84519,39.17169],[-0.80021,39.17007],[-0.76198,39.13776],[-0.77547,39.10545],[-0.80471,39.08121],[-0.8407,39.06344],[-0.88793,39.02466],[-0.90142,39.05213],[-0.89468,39.07798],[-0.90592,39.09414],[-0.91492,39.10706],[-0.91267,39.14745],[-0.91942,39.15068]]]}},{"type":"Feature","properties":{"name":"Bocairent","layer":"municipio"},"geometry":{"type":"MultiLineString","coordinates":[[[-0.71699,38.75001],[-0.59554,38.79524],[-0.5843,38.76778],[-0.5663,38.75485],[-0.53257,38.76778],[-0.50783,38.75485],[-0.50783,38.74354]]]}},{"type":"Feature","properties":{"name":"Burjassot","layer":"municipio"},"geometry":{"type":"MultiLineString","coordinates":[[[-0.42461,39.50774],[-0.41786,39.51743],[-0.40212,39.51097],[-0.39762,39.49966],[-0.42461,39.50774]]]}},{"type":"Feature","properties":{"name":"Calles","layer":"municipio"},"geometry":{"type":"MultiLineString","coordinates":[[[-1.04986,39.65153],[-1.04986,39.65153]],[[-1.05661,39.67091],[-1.05661,39.67091]],[[-0.88793,39.8034],[-0.89468,39.7937],[-0.88118,39.77431],[-0.88793,39.75654],[-0.88793,39.74362],[-0.9554,39.721],[-0.9689,39.70484],[-0.99364,39.69838],[-1.02512,39.66445],[-1.04762,39.67899],[-1.03637,39.69353],[-1.02063,39.6903],[-1.01388,39.70161],[-0.98239,39.73392],[-0.9644,39.74523],[-0.9644,39.77108],[-0.93966,39.78562],[-0.88793,39.8034]],[[-0.91942,39.82117],[-0.91942,39.82117]]]}},{"type":"Feature","properties":{"name":"Camporrobles","layer":"municipio"},"geometry":{"type":"MultiLineString","coordinates":[[[-1.45246,39.59175],[-1.43671,39.62891],[-1.41872,39.65476],[-1.36924,39.6903],[-1.31301,39.67091],[-1.27928,39.67738],[-1.26128,39.69838],[-1.24554,39.69676],[-1.27928,39.66607],[-1.349,39.62729],[-1.34225,39.61437],[-1.37374,39.61598],[-1.40298,39.60629],[-1.41647,39.59175],[-1.41647,39.56428],[-1.47045,39.57236]]]}},{"type":"Feature","properties":{"name":"Canals","layer":"municipio"},"geometry":{"type":"MultiLineString","coordinates":[[[-0.58655,38.9875],[-0.5843,38.99074],[-0.58205,38.98912],[-0.57755,38.98589],[-0.56855,38.98266],[-0.56855,38.98104],[-0.5663,38.97943],[-0.5753,38.96489],[-0.55281,38.94227],[-0.58205,38.92288],[-0.59554,38.91157],[-0.60454,38.94388],[-0.61578,38.96165],[-0.58205,38.96812],[-0.60454,38.97781],[-0.60454,38.98266],[-0.60454,38.98589],[-0.60004,38.98589],[-0.59554,38.98589],[-0.59104,38.98589],[-0.58879,38.9875],[-0.58879,38.98104],[-0.58655,38.98589],[-0.5843,38.98589],[-0.58655,38.9875]],[[-0.5843,38.98589],[-0.5843,38.98589]],[[-0.59554,38.98266],[-0.59554,38.98266]],[[-0.59554,38.98912],[-0.59329,38.98912],[-0.59554,38.9875],[-0.59779,38.98912],[-0.59554,38.98912]],[[-0.58655,38.98912],[-0.58655,38.98912]],[[-0.59329,38.99074],[-0.59104,38.99074],[-0.59329,38.98912],[-0.59329,38.99074],[-0.59329,38.99074]],[[-0.58205,38.99074],[-0.58205,38.99074]],[[-0.5843,38.99397],[-0.58655,38.99235],[-0.58655,38.99397],[-0.5843,38.99397]]]}},{"type":"Feature","properties":{"name":"Canet d'En Berenguer","layer":"municipio"},"geometry":{"type":"MultiLineString","coordinates":[[[-0.2042,39.67253],[-0.22894,39.67576],[-0.22669,39.68869],[-0.1997,39.68546],[-0.2042,39.67253]]]}},{"type":"Feature","properties":{"name":"C\u00e0rcer","layer":"municipio"},"geometry":{"type":"MultiLineString","coordinates":[[[-0.59329,39.05051],[-0.58205,39.07636],[-0.5753,39.08283],[-0.56405,39.08283],[-0.55731,39.04405],[-0.56855,39.03759],[-0.59329,39.05051]]]}},{"type":"Feature","properties":{"name":"Carcaixent","layer":"municipio"},"geometry":{"type":"MultiLineString","coordinates":[[[-0.50333,39.11029],[-0.49433,39.12483],[-0.48758,39.13291],[-0.45385,39.13614],[-0.35489,39.08929],[-0.33464,39.0699],[-0.36163,39.07798],[-0.38188,39.05698],[-0.43136,39.07152],[-0.44035,39.07313],[-0.4381,39.0796],[-0.47634,39.09737],[-0.49658,39.09898],[-0.50333,39.11029]]]}},{"type":"Feature","properties":{"name":"Casas Altas","layer":"municipio"},"geometry":{"type":"MultiLineString","coordinates":[[[-1.31301,40.0312],[-1.26578,40.0522],[-1.21405,40.03766],[-1.2208,40.02797],[-1.19156,40.00212],[-1.2073,40.00212],[-1.2208,40.01666],[-1.25903,40.03282],[-1.31076,40.02635],[-1.31301,40.0312]]]}},{"type":"Feature","properties":{"name":"Casas Bajas","layer":"municipio"},"geometry":{"type":"MultiLineString","coordinates":[[[-1.31076,40.02635],[-1.25903,40.03282],[-1.2208,40.01666],[-1.2073,40.00212],[-1.24779,39.99566],[-1.27478,40.00373],[-1.30851,40.0102],[-1.31076,40.02635]]]}},{"type":"Feature","properties":{"name":"Casinos","layer":"municipio"},"geometry":{"type":"MultiLineString","coordinates":[[[-0.79346,39.721],[-0.73724,39.73554],[-0.71475,39.72423],[-0.68776,39.69676],[-0.6945,39.6903],[-0.74623,39.66607],[-0.78897,39.69838],[-0.79346,39.721]]]}},{"type":"Feature","properties":{"name":"Catarroja","layer":"municipio"},"geometry":{"type":"MultiLineString","coordinates":[[[-0.4516,39.40272],[-0.43585,39.41241],[-0.42011,39.41888],[-0.40662,39.41241],[-0.36838,39.39626],[-0.34814,39.37041],[-0.35714,39.36556],[-0.40662,39.4011],[-0.44935,39.4011],[-0.4516,39.40272]]]}},{"type":"Feature","properties":{"name":"Castell\u00f3 de Rugat","layer":"municipio"},"geometry":{"type":"MultiLineString","coordinates":[[[-0.42461,38.87764],[-0.42236,38.89218],[-0.37738,38.90349],[-0.37063,38.90511],[-0.36838,38.89703],[-0.36613,38.89541],[-0.36613,38.89218],[-0.37513,38.88895],[-0.35264,38.86795],[-0.34364,38.86149],[-0.35039,38.85664],[-0.39312,38.86149],[-0.42236,38.87926],[-0.42461,38.87764]]]}},{"type":"Feature","properties":{"name":"Castellonet de la Conquesta","layer":"municipio"},"geometry":{"type":"MultiLineString","coordinates":[[[-0.27842,38.91157],[-0.26042,38.91965],[-0.24693,38.90834],[-0.25368,38.89864],[-0.27392,38.89218],[-0.27842,38.91157]]]}},{"type":"Feature","properties":{"name":"Castielfabib","layer":"municipio"},"geometry":{"type":"MultiLineString","coordinates":[[[-1.44796,40.14591],[-1.39173,40.1346],[-1.38498,40.13783],[-1.3535,40.12975],[-1.31976,40.14591],[-1.32201,40.18468],[-1.29727,40.21215],[-1.28377,40.17176],[-1.25229,40.14268],[-1.24329,40.14591],[-1.25004,40.12329],[-1.25229,40.1136],[-1.25678,40.10875],[-1.27253,40.11198],[-1.27253,40.09259],[-1.31526,40.09421],[-1.37149,40.08128],[-1.40748,40.10067],[-1.44346,40.11844],[-1.45696,40.1346],[-1.44796,40.14591]]]}},{"type":"Feature","properties":{"name":"Cerd\u00e0","layer":"municipio"},"geometry":{"type":"MultiLineString","coordinates":[[[-0.59554,38.98266],[-0.59554,38.98266]],[[-0.58879,38.9875],[-0.58655,38.98589],[-0.58879,38.98104],[-0.58879,38.9875]],[[-0.60454,38.98266],[-0.60454,38.98589],[-0.60454,38.98266]],[[-0.59104,38.98589],[-0.59104,38.98912],[-0.58879,38.9875],[-0.59104,38.98589]],[[-0.59329,38.98912],[-0.59104,38.98912],[-0.59104,38.98589],[-0.59554,38.98589],[-0.59554,38.9875],[-0.59329,38.98912]],[[-0.58879,38.9875],[-0.58655,38.98912],[-0.58879,38.9875],[-0.58879,38.9875]],[[-0.60004,38.99074],[-0.60004,38.99074]],[[-0.58879,38.99235],[-0.59104,38.99235],[-0.58879,38.99397],[-0.58879,38.99235]],[[-0.55956,38.97943],[-0.56405,38.97943],[-0.55956,38.98104],[-0.55956,38.97943]],[[-0.56855,38.98266],[-0.57755,38.98589],[-0.56855,38.98266]],[[-0.58655,38.98589],[-0.58655,38.9875],[-0.5843,38.98589],[-0.58655,38.98589]],[[-0.57755,38.98589],[-0.58205,38.98912],[-0.57755,38.98589]],[[-0.58205,38.99074],[-0.58205,38.98912],[-0.5843,38.99074],[-0.58205,38.99074]],[[-0.58879,38.99074],[-0.58655,38.99074],[-0.58879,38.99074]],[[-0.5843,38.99397],[-0.58205,38.99235],[-0.5843,38.99235],[-0.58655,38.99235],[-0.5843,38.99397]]]}},{"type":"Feature","properties":{"name":"Cofrentes","layer":"municipio"},"geometry":{"type":"MultiLineString","coordinates":[[[-1.17582,39.246],[-1.17582,39.26539],[-1.11959,39.2767],[-1.0926,39.29124],[-1.0926,39.31225],[-1.05886,39.31548],[-1.03862,39.29609],[-1.03412,39.2767],[-1.01163,39.24924],[-0.99589,39.21046],[-1.00038,39.21692],[-1.04986,39.20723],[-1.08585,39.21854],[-1.14208,39.22823],[-1.17582,39.246]]]}},{"type":"Feature","properties":{"name":"Corbera","layer":"municipio"},"geometry":{"type":"MultiLineString","coordinates":[[[-0.39312,39.17653],[-0.37513,39.17815],[-0.33689,39.17815],[-0.32565,39.16522],[-0.3234,39.16361],[-0.3189,39.16038],[-0.30765,39.15553],[-0.30765,39.14745],[-0.33914,39.15391],[-0.34814,39.12806],[-0.37063,39.14422],[-0.39312,39.17653]]]}},{"type":"Feature","properties":{"name":"Cortes de Pall\u00e1s","layer":"municipio"},"geometry":{"type":"MultiLineString","coordinates":[[[-1.05886,39.31548],[-1.02962,39.32355],[-0.99589,39.33971],[-0.98239,39.33648],[-0.92841,39.31548],[-0.89917,39.31063],[-0.89018,39.27509],[-0.86544,39.27185],[-0.85419,39.28316],[-0.80696,39.26539],[-0.84519,39.23308],[-0.87668,39.225],[-0.86769,39.19754],[-0.84519,39.17169],[-0.88793,39.16845],[-0.91942,39.15068],[-0.9599,39.17007],[-0.98014,39.183],[-0.99589,39.21046],[-1.01163,39.24924],[-1.03412,39.2767],[-1.03862,39.29609],[-1.05886,39.31548]]]}},{"type":"Feature","properties":{"name":"Cotes","layer":"municipio"},"geometry":{"type":"MultiLineString","coordinates":[[[-0.62928,39.06021],[-0.60004,39.06667],[-0.58205,39.07636],[-0.59329,39.05051],[-0.62253,39.04567],[-0.62928,39.06021]]]}},{"type":"Feature","properties":{"name":"Quart de les Valls","layer":"municipio"},"geometry":{"type":"MultiLineString","coordinates":[[[-0.28741,39.73069],[-0.3099,39.74846],[-0.29416,39.75977],[-0.27392,39.75493],[-0.27167,39.75008],[-0.26492,39.73554],[-0.28741,39.73069]]]}},{"type":"Feature","properties":{"name":"Quart de Poblet","layer":"municipio"},"geometry":{"type":"MultiLineString","coordinates":[[[-0.55281,39.47058],[-0.53032,39.47058],[-0.52807,39.48512],[-0.44935,39.48512],[-0.44935,39.49158],[-0.42686,39.48835],[-0.42236,39.48512],[-0.43361,39.46735],[-0.44035,39.46411],[-0.45385,39.47704],[-0.48758,39.47381],[-0.52582,39.45119],[-0.55056,39.44957],[-0.55281,39.47058]]]}},{"type":"Feature","properties":{"name":"Quartell","layer":"municipio"},"geometry":{"type":"MultiLineString","coordinates":[[[-0.24243,39.72908],[-0.23343,39.72746],[-0.20195,39.71938],[-0.24918,39.72261],[-0.24243,39.72908]],[[-0.26042,39.74362],[-0.25592,39.73554],[-0.26492,39.73554],[-0.27167,39.75008],[-0.26042,39.74362]],[[-0.26492,39.74362],[-0.26492,39.74362]]]}},{"type":"Feature","properties":{"name":"Quatretonda","layer":"municipio"},"geometry":{"type":"MultiLineString","coordinates":[[[-0.4471,38.91965],[-0.42461,38.93257],[-0.42011,38.96004],[-0.39312,38.98104],[-0.40437,38.98427],[-0.37963,39.02143],[-0.35714,39.01012],[-0.32115,39.00043],[-0.33689,38.9972],[-0.35039,38.97296],[-0.38412,38.94711],[-0.39087,38.91157],[-0.41786,38.92449],[-0.4471,38.91965]]]}},{"type":"Feature","properties":{"name":"Cullera","layer":"municipio"},"geometry":{"type":"MultiLineString","coordinates":[[[-0.30091,39.16845],[-0.28067,39.17492],[-0.27617,39.20238],[-0.24468,39.225],[-0.21994,39.18623],[-0.24018,39.16684],[-0.23793,39.1426],[-0.22219,39.10545],[-0.23568,39.10383],[-0.27167,39.12322],[-0.29641,39.13453],[-0.30765,39.14745],[-0.30765,39.15553],[-0.30091,39.16845]]]}},{"type":"Feature","properties":{"name":"Chelva","layer":"municipio"},"geometry":{"type":"MultiLineString","coordinates":[[[-1.06561,39.73877],[-1.03187,39.7517],[-1.02063,39.79532],[-1.04312,39.81632],[-0.99364,39.82117],[-0.98239,39.83894],[-0.95315,39.83894],[-0.89692,39.85025],[-0.88343,39.82763],[-0.88793,39.8034],[-0.93966,39.78562],[-0.9644,39.77108],[-0.9644,39.74523],[-0.98239,39.73392],[-1.01388,39.70161],[-1.02063,39.6903],[-1.03637,39.69353],[-1.04762,39.67899],[-1.02512,39.66445],[-1.04087,39.64991],[-1.06336,39.63052],[-1.06786,39.61275],[-1.0881,39.6176],[-1.14658,39.65961],[-1.13083,39.67576],[-1.0926,39.69676],[-1.06561,39.73877]],[[-1.05661,39.67091],[-1.05661,39.67091]],[[-1.04986,39.65153],[-1.04986,39.65153]],[[-0.91942,39.82117],[-0.91942,39.82117]],[[-1.04312,39.81632],[-1.06786,39.82117],[-1.07011,39.84863],[-1.04986,39.84056],[-1.04312,39.81632]]]}},{"type":"Feature","properties":{"name":"Chella","layer":"municipio"},"geometry":{"type":"MultiLineString","coordinates":[[[-0.80471,39.0182],[-0.78222,39.03113],[-0.71699,39.03759],[-0.66526,39.06344],[-0.67426,39.07798],[-0.66077,39.08606],[-0.62928,39.06021],[-0.62253,39.04567],[-0.66751,39.02628],[-0.71699,39.02143],[-0.73274,39.02466],[-0.77097,39.00851],[-0.79571,39.00528],[-0.80471,39.0182]]]}},{"type":"Feature","properties":{"name":"Chera","layer":"municipio"},"geometry":{"type":"MultiLineString","coordinates":[[[-1.01388,39.58367],[-0.98914,39.62083],[-0.9644,39.63052],[-0.93291,39.5966],[-0.92616,39.57721],[-0.89917,39.56428],[-0.93516,39.55297],[-0.93066,39.54328],[-0.98239,39.55297],[-1.01388,39.58367]]]}},{"type":"Feature","properties":{"name":"Daim\u00fas","layer":"municipio"},"geometry":{"type":"MultiLineString","coordinates":[[[-0.15696,38.96165],[-0.16596,38.96489],[-0.14797,38.98266],[-0.13672,38.97135],[-0.15696,38.96165]]]}},{"type":"Feature","properties":{"name":"Dome\u00f1o","layer":"municipio"},"geometry":{"type":"MultiLineString","coordinates":[[[-0.66526,39.65314],[-0.67426,39.64506],[-0.68551,39.67576],[-0.65852,39.66122],[-0.66526,39.65314]],[[-1.02512,39.66445],[-0.99364,39.69838],[-0.9689,39.70484],[-0.9554,39.721],[-0.88793,39.74362],[-0.88793,39.75654],[-0.84744,39.74846],[-0.8407,39.73877],[-0.85644,39.72261],[-0.89018,39.69515],[-0.92391,39.69838],[-0.95315,39.68707],[-0.98014,39.6693],[-1.00938,39.63214],[-1.04087,39.64991],[-1.02512,39.66445]]]}},{"type":"Feature","properties":{"name":"Cheste","layer":"municipio"},"geometry":{"type":"MultiLineString","coordinates":[[[-0.79571,39.55459],[-0.78897,39.55621],[-0.77547,39.55297],[-0.74398,39.53843],[-0.71699,39.5449],[-0.6945,39.5352],[-0.60679,39.51743],[-0.59554,39.49966],[-0.58879,39.48512],[-0.59104,39.47865],[-0.61803,39.48189],[-0.64952,39.47058],[-0.67651,39.47381],[-0.72149,39.49804],[-0.76423,39.5352],[-0.79571,39.55459]]]}},{"type":"Feature","properties":{"name":"Estivella","layer":"municipio"},"geometry":{"type":"MultiLineString","coordinates":[[[-0.40887,39.71777],[-0.39987,39.72746],[-0.33239,39.72908],[-0.3234,39.71777],[-0.34589,39.70484],[-0.37738,39.69353],[-0.38862,39.6903],[-0.40887,39.71777]]]}},{"type":"Feature","properties":{"name":"Xirivella","layer":"municipio"},"geometry":{"type":"MultiLineString","coordinates":[[[-0.44935,39.45927],[-0.44035,39.46411],[-0.43361,39.46735],[-0.41786,39.46896],[-0.41561,39.45442],[-0.43136,39.45119],[-0.4471,39.4528],[-0.44935,39.45927]]]}},{"type":"Feature","properties":{"name":"Chiva","layer":"municipio"},"geometry":{"type":"MultiLineString","coordinates":[[[-0.91942,39.53843],[-0.89468,39.55297],[-0.87443,39.55297],[-0.82945,39.54328],[-0.79571,39.55459],[-0.76423,39.5352],[-0.72149,39.49804],[-0.67651,39.47381],[-0.64952,39.47058],[-0.61803,39.48189],[-0.59104,39.47865],[-0.55281,39.47058],[-0.55056,39.44957],[-0.53482,39.44311],[-0.55506,39.42857],[-0.60454,39.43503],[-0.61803,39.44473],[-0.66976,39.44796],[-0.72374,39.43503],[-0.73274,39.42372],[-0.74848,39.44634],[-0.77097,39.45442],[-0.80921,39.47542],[-0.85419,39.48835],[-0.86769,39.50935],[-0.91942,39.53843]]]}},{"type":"Feature","properties":{"name":"Chulilla","layer":"municipio"},"geometry":{"type":"MultiLineString","coordinates":[[[-0.91492,39.6483],[-0.90367,39.68384],[-0.86769,39.68707],[-0.84295,39.68384],[-0.79571,39.65637],[-0.78897,39.66122],[-0.79796,39.63214],[-0.82945,39.62891],[-0.86544,39.60952],[-0.90142,39.62729],[-0.91492,39.6483]]]}},{"type":"Feature","properties":{"name":"Dos Aguas","layer":"municipio"},"geometry":{"type":"MultiLineString","coordinates":[[[-0.89917,39.31063],[-0.84744,39.32032],[-0.76423,39.32194],[-0.74623,39.32517],[-0.7125,39.32355],[-0.6945,39.31548],[-0.68101,39.29447],[-0.67651,39.28478],[-0.68776,39.26701],[-0.69001,39.26216],[-0.70575,39.25731],[-0.71699,39.22339],[-0.73274,39.2347],[-0.77547,39.25085],[-0.77997,39.26539],[-0.80696,39.26539],[-0.85419,39.28316],[-0.86544,39.27185],[-0.89018,39.27509],[-0.89917,39.31063]]]}},{"type":"Feature","properties":{"name":"l'Eliana","layer":"municipio"},"geometry":{"type":"MultiLineString","coordinates":[[[-0.55506,39.56105],[-0.52807,39.58044],[-0.52132,39.57559],[-0.50108,39.56105],[-0.50558,39.55459],[-0.51457,39.54166],[-0.55506,39.56105]]]}},{"type":"Feature","properties":{"name":"Emperador","layer":"municipio"},"geometry":{"type":"MultiLineString","coordinates":[[[-0.33914,39.55459],[-0.33914,39.55459]]]}},{"type":"Feature","properties":{"name":"l'\u00c9nova","layer":"municipio"},"geometry":{"type":"MultiLineString","coordinates":[[[-0.48309,39.04082],[-0.48758,39.0489],[-0.47184,39.06021],[-0.46509,39.06667],[-0.47634,39.04728],[-0.4471,39.0392],[-0.43585,39.02951],[-0.46959,39.02789],[-0.48309,39.04082]]]}},{"type":"Feature","properties":{"name":"Enguera","layer":"municipio"},"geometry":{"type":"MultiLineString","coordinates":[[[-0.9599,38.94388],[-0.93966,38.94873],[-0.90592,38.96973],[-0.88118,39.01174],[-0.86319,39.01659],[-0.8317,39.03759],[-0.80471,39.0182],[-0.79571,39.00528],[-0.77097,39.00851],[-0.73274,39.02466],[-0.71699,39.02143],[-0.66526,39.00204],[-0.64502,38.98427],[-0.64277,38.98104],[-0.65402,38.98266],[-0.68551,38.96165],[-0.699,38.94711],[-0.72824,38.92449],[-0.76423,38.91642],[-0.81371,38.91319],[-0.8362,38.91803],[-0.90142,38.90026],[-0.92391,38.89218],[-0.94191,38.90026],[-0.95765,38.92126],[-0.9599,38.94388]]]}},{"type":"Feature","properties":{"name":"Faura","layer":"municipio"},"geometry":{"type":"MultiLineString","coordinates":[[[-0.26492,39.73554],[-0.25592,39.73554],[-0.24243,39.72908],[-0.24918,39.72261],[-0.26042,39.72261],[-0.26492,39.73554]]]}},{"type":"Feature","properties":{"name":"Favara","layer":"municipio"},"geometry":{"type":"MultiLineString","coordinates":[[[-0.32565,39.11191],[-0.29641,39.13453],[-0.27167,39.12322],[-0.30541,39.09898],[-0.32565,39.11191]]]}},{"type":"Feature","properties":{"name":"Foios","layer":"municipio"},"geometry":{"type":"MultiLineString","coordinates":[[[-0.38412,39.57559],[-0.34814,39.53843],[-0.31215,39.52874],[-0.3144,39.52551],[-0.35039,39.5352],[-0.35264,39.52874],[-0.36163,39.53197],[-0.37738,39.54166],[-0.38188,39.55136],[-0.37288,39.55782],[-0.38412,39.57559]]]}},{"type":"Feature","properties":{"name":"Fontanars dels Alforins","layer":"municipio"},"geometry":{"type":"MultiLineString","coordinates":[[[-0.86094,38.76939],[-0.8407,38.78555],[-0.80696,38.80494],[-0.72149,38.83725],[-0.73274,38.78878],[-0.73274,38.75647],[-0.74398,38.75485],[-0.78672,38.74678]]]}},{"type":"Feature","properties":{"name":"Fortaleny","layer":"municipio"},"geometry":{"type":"MultiLineString","coordinates":[[[-0.30541,39.17007],[-0.30091,39.16845],[-0.30765,39.15553],[-0.3189,39.16038],[-0.30541,39.17007]],[[-0.30765,39.17653],[-0.3234,39.16361],[-0.32565,39.16522],[-0.33239,39.19269],[-0.30765,39.18946],[-0.30765,39.17653]]]}},{"type":"Feature","properties":{"name":"la Font d'en Carr\u00f2s","layer":"municipio"},"geometry":{"type":"MultiLineString","coordinates":[[[-0.18395,38.92611],[-0.1817,38.92934],[-0.16146,38.92611],[-0.14797,38.92611],[-0.13672,38.91965],[-0.16146,38.89703],[-0.17945,38.90188],[-0.18395,38.92611]]]}},{"type":"Feature","properties":{"name":"la Font de la Figuera","layer":"municipio"},"geometry":{"type":"MultiLineString","coordinates":[[[-0.92841,38.78394],[-0.93291,38.8114],[-0.92391,38.82433],[-0.93516,38.85502],[-0.92391,38.89218],[-0.90142,38.90026],[-0.87443,38.87441],[-0.84969,38.83564],[-0.86544,38.82756],[-0.83395,38.80494],[-0.8407,38.78555],[-0.86094,38.76939],[-0.91267,38.76939],[-0.92841,38.78394]]]}},{"type":"Feature","properties":{"name":"Fuenterrobles","layer":"municipio"},"geometry":{"type":"MultiLineString","coordinates":[[[-1.41647,39.56428],[-1.41647,39.59175],[-1.40298,39.60629],[-1.37374,39.61598],[-1.34225,39.61437],[-1.331,39.58206],[-1.32201,39.58044],[-1.331,39.5352],[-1.36249,39.54813],[-1.38498,39.54974],[-1.41647,39.56428]]]}},{"type":"Feature","properties":{"name":"Gavarda","layer":"municipio"},"geometry":{"type":"MultiLineString","coordinates":[[[-0.58205,39.11352],[-0.54156,39.09737],[-0.53707,39.08606],[-0.53931,39.07636],[-0.55506,39.0909],[-0.56405,39.08283],[-0.5753,39.08283],[-0.58205,39.11352]]]}},{"type":"Feature","properties":{"name":"Gandia","layer":"municipio"},"geometry":{"type":"MultiLineString","coordinates":[[[-0.29641,38.9665],[-0.29191,38.98912],[-0.28741,38.99558],[-0.26942,39.00851],[-0.25368,39.00043],[-0.21544,39.00043],[-0.1817,39.0182],[-0.19295,39.03113],[-0.1817,39.03113],[-0.14797,38.98266],[-0.16596,38.96489],[-0.15696,38.96165],[-0.14797,38.95842],[-0.15022,38.95519],[-0.17046,38.95034],[-0.1817,38.95519],[-0.21994,38.95519],[-0.24243,38.96327],[-0.29641,38.9665]],[[-0.1907,38.95842],[-0.1907,38.95842]]]}},{"type":"Feature","properties":{"name":"el Genov\u00e9s","layer":"municipio"},"geometry":{"type":"MultiLineString","coordinates":[[[-0.53257,38.9665],[-0.53257,38.9665]],[[-0.52807,38.96812],[-0.52807,38.96812]],[[-0.51457,38.96973],[-0.51457,38.96973]],[[-0.52357,38.96973],[-0.52357,38.96973]],[[-0.50558,38.97135],[-0.50558,38.97135]],[[-0.51232,38.97135],[-0.51232,38.97135]],[[-0.49658,38.98427],[-0.49658,38.98427]],[[-0.51008,38.98589],[-0.51008,38.98589]],[[-0.46059,39.00366],[-0.4426,39.00366],[-0.43361,38.97943],[-0.49208,38.96489],[-0.49883,38.96812],[-0.47859,39.00043],[-0.47634,39.00043],[-0.47634,39.00204],[-0.47409,39.00043],[-0.47409,39.00528],[-0.46734,39.00528],[-0.46959,39.00366],[-0.46959,39.00204],[-0.46059,39.00366]],[[-0.46959,39.00204],[-0.46959,39.00204]],[[-0.49433,38.97296],[-0.49433,38.97296]],[[-0.47409,38.9972],[-0.47409,38.9972]],[[-0.47184,39.00204],[-0.47184,39.00366],[-0.47184,39.00204],[-0.47184,39.00204]],[[-0.47184,38.99881],[-0.47184,38.99881]],[[-0.46959,39.00528],[-0.46959,39.00528]]]}},{"type":"Feature","properties":{"name":"Gestalgar","layer":"municipio"},"geometry":{"type":"MultiLineString","coordinates":[[[-0.93066,39.54328],[-0.93516,39.55297],[-0.89917,39.56428],[-0.86544,39.60952],[-0.82945,39.62891],[-0.79796,39.63214],[-0.78897,39.60306],[-0.78897,39.55621],[-0.79571,39.55459],[-0.82945,39.54328],[-0.87443,39.55297],[-0.89468,39.55297],[-0.91942,39.53843],[-0.93066,39.54328]]]}},{"type":"Feature","properties":{"name":"Gilet","layer":"municipio"},"geometry":{"type":"MultiLineString","coordinates":[[[-0.36163,39.66607],[-0.32565,39.69192],[-0.3234,39.6903],[-0.31215,39.67899],[-0.33239,39.65153],[-0.36163,39.66607]]]}},{"type":"Feature","properties":{"name":"Godella","layer":"municipio"},"geometry":{"type":"MultiLineString","coordinates":[[[-0.44935,39.5449],[-0.43361,39.56105],[-0.42911,39.55459],[-0.41336,39.52874],[-0.39987,39.52228],[-0.40212,39.51097],[-0.41786,39.51743],[-0.44935,39.5449]]]}},{"type":"Feature","properties":{"name":"Godelleta","layer":"municipio"},"geometry":{"type":"MultiLineString","coordinates":[[[-0.73499,39.42049],[-0.73274,39.42372],[-0.72374,39.43503],[-0.66976,39.44796],[-0.61803,39.44473],[-0.60454,39.40918],[-0.65402,39.40757],[-0.72824,39.41403],[-0.73499,39.42049]]]}},{"type":"Feature","properties":{"name":"la Granja de la Costera","layer":"municipio"},"geometry":{"type":"MultiLineString","coordinates":[[[-0.55956,38.97943],[-0.55731,38.98104],[-0.55731,38.97943],[-0.55956,38.97943]],[[-0.56855,38.98104],[-0.5663,38.97943],[-0.56855,38.98104]],[[-0.55956,38.98266],[-0.55956,38.98104],[-0.56405,38.97943],[-0.56405,38.97781],[-0.56855,38.98104],[-0.56855,38.98266],[-0.55956,38.98266]],[[-0.59554,38.98589],[-0.59554,38.98589]],[[-0.55506,38.99074],[-0.55506,38.99074]],[[-0.56181,38.99881],[-0.55956,39.00043],[-0.55956,38.9972],[-0.55731,38.99881],[-0.55281,38.99558],[-0.55956,38.99074],[-0.56181,38.99074],[-0.56181,38.99235],[-0.56405,38.99558],[-0.56181,38.99881]],[[-0.55281,38.99397],[-0.55281,38.99397]],[[-0.54831,38.99397],[-0.55056,38.99235],[-0.55281,38.99397],[-0.54831,38.99397]],[[-0.54381,38.99558],[-0.54381,38.99558]],[[-0.55056,38.99558],[-0.55056,38.99558]],[[-0.55056,38.9972],[-0.55281,38.9972],[-0.55056,38.9972]],[[-0.55056,39.00689],[-0.55056,39.00528],[-0.55056,39.00689],[-0.54831,39.00689],[-0.55056,39.00689]]]}},{"type":"Feature","properties":{"name":"Guadass\u00e9quies","layer":"municipio"},"geometry":{"type":"MultiLineString","coordinates":[[[-0.51232,38.93257],[-0.50783,38.93257],[-0.47634,38.93257],[-0.49208,38.91803],[-0.50783,38.92773],[-0.51232,38.93257]]]}},{"type":"Feature","properties":{"name":"Jalance","layer":"municipio"},"geometry":{"type":"MultiLineString","coordinates":[[[-1.19606,39.17653],[-1.18931,39.20077],[-1.18031,39.21208],[-1.17582,39.246],[-1.14208,39.22823],[-1.08585,39.21854],[-1.04986,39.20723],[-1.00038,39.21692],[-0.99589,39.21046],[-0.98014,39.183],[-1.02962,39.1733],[-1.04087,39.16361],[-1.19606,39.17653]]]}},{"type":"Feature","properties":{"name":"Guadassuar","layer":"municipio"},"geometry":{"type":"MultiLineString","coordinates":[[[-0.62703,39.15715],[-0.63828,39.15391],[-0.61129,39.18138],[-0.5798,39.183],[-0.55731,39.17492],[-0.52132,39.17492],[-0.51907,39.18784],[-0.50333,39.183],[-0.48084,39.20723],[-0.48309,39.22985],[-0.47184,39.23631],[-0.46734,39.23793],[-0.46059,39.18138],[-0.50108,39.16038],[-0.50108,39.16522],[-0.51907,39.17007],[-0.53482,39.15715],[-0.54156,39.14907],[-0.53931,39.16361],[-0.59554,39.16361],[-0.62703,39.15715]]]}},{"type":"Feature","properties":{"name":"Guardamar de la Safor","layer":"municipio"},"geometry":{"type":"MultiLineString","coordinates":[[[-0.15696,38.96165],[-0.13672,38.97135],[-0.13222,38.96812],[-0.14572,38.96004],[-0.14797,38.95842],[-0.15696,38.96165]]]}},{"type":"Feature","properties":{"name":"Higueruelas","layer":"municipio"},"geometry":{"type":"MultiLineString","coordinates":[[[-0.88793,39.8034],[-0.85644,39.79047],[-0.8317,39.75816],[-0.8407,39.73877],[-0.84744,39.74846],[-0.88793,39.75654],[-0.88118,39.77431],[-0.89468,39.7937],[-0.88793,39.8034]]]}},{"type":"Feature","properties":{"name":"Xeraco","layer":"municipio"},"geometry":{"type":"MultiLineString","coordinates":[[[-0.27617,39.01982],[-0.26942,39.02951],[-0.24468,39.0489],[-0.1997,39.05859],[-0.1817,39.03113],[-0.19295,39.03113],[-0.25368,39.01659],[-0.27617,39.01982]]]}},{"type":"Feature","properties":{"name":"Llocnou de Sant Jeroni","layer":"municipio"},"geometry":{"type":"MultiLineString","coordinates":[[[-0.30541,38.91642],[-0.27842,38.91157],[-0.27392,38.89218],[-0.29416,38.88895],[-0.30316,38.89057],[-0.30541,38.91642]]]}},{"type":"Feature","properties":{"name":"Jarafuel","layer":"municipio"},"geometry":{"type":"MultiLineString","coordinates":[[[-1.23204,39.13291],[-1.22755,39.1523],[-1.19606,39.17653],[-1.04087,39.16361],[-1.02962,39.1733],[-0.98014,39.183],[-0.9599,39.17007],[-1.01388,39.1426],[-1.07011,39.1216],[-1.07011,39.11514],[-1.09485,39.12322],[-1.12633,39.11837],[-1.21405,39.12322],[-1.23204,39.13291]]]}},{"type":"Feature","properties":{"name":"X\u00e0tiva","layer":"municipio"},"geometry":{"type":"MultiLineString","coordinates":[[[-0.58879,38.98104],[-0.58655,38.98589],[-0.58879,38.98104]],[[-0.55956,38.98427],[-0.55956,38.98266],[-0.55956,38.98427]],[[-0.59104,38.98912],[-0.59104,38.98589],[-0.59104,38.98912]],[[-0.62928,39.00043],[-0.60454,38.99235],[-0.59554,38.99235],[-0.59779,38.99074],[-0.59779,38.98912],[-0.60004,38.98589],[-0.60454,38.98589],[-0.60454,38.98266],[-0.60454,38.97781],[-0.62928,38.97943],[-0.64277,38.98104],[-0.64502,38.98427],[-0.62928,39.00043]],[[-0.59779,38.99074],[-0.60004,38.99074],[-0.59779,38.99074],[-0.59779,38.99074]],[[-0.59329,38.98912],[-0.59554,38.98912],[-0.59329,38.99074],[-0.59329,38.98912],[-0.59329,38.98912]],[[-0.58205,38.99074],[-0.58205,38.99074]],[[-0.58879,38.99235],[-0.58879,38.99397],[-0.58655,38.99397],[-0.58655,38.99235],[-0.5843,38.99235],[-0.58205,38.99235],[-0.58205,38.99074],[-0.5843,38.99074],[-0.58655,38.9875],[-0.58879,38.9875],[-0.58655,38.98912],[-0.58879,38.9875],[-0.58655,38.99074],[-0.58879,38.99074],[-0.59104,38.99074],[-0.59104,38.99235],[-0.58879,38.99235]],[[-0.56181,38.99074],[-0.56405,38.99235],[-0.56181,38.99235],[-0.56181,38.99074],[-0.55956,38.99074],[-0.56181,38.99074]],[[-0.59329,38.99074],[-0.59329,38.99235],[-0.59329,38.99074]],[[-0.56181,38.99881],[-0.56405,38.99558],[-0.56181,38.99881]],[[-0.5843,38.99881],[-0.5843,38.99881]],[[-0.58879,38.99881],[-0.58879,38.99881]],[[-0.5798,38.99881],[-0.5798,38.99881]],[[-0.57755,39.00043],[-0.57755,39.00043]],[[-0.60004,39.01335],[-0.60229,39.00851],[-0.60004,39.01335]],[[-0.50783,38.93257],[-0.51232,38.93257],[-0.52132,38.94065],[-0.50783,38.93257]],[[-0.49433,38.97296],[-0.49433,38.97296]],[[-0.55056,38.99235],[-0.54831,38.99397],[-0.55056,38.99235]],[[-0.49208,38.96489],[-0.48983,38.96489],[-0.52807,38.94873],[-0.55281,38.94227],[-0.5753,38.96489],[-0.5663,38.97943],[-0.56405,38.97781],[-0.56405,38.97943],[-0.55956,38.97943],[-0.55731,38.97943],[-0.54831,38.98427],[-0.55056,38.98427],[-0.55056,38.98589],[-0.54606,38.9875],[-0.54606,38.98912],[-0.54831,38.99397],[-0.55281,38.99397],[-0.55281,38.99558],[-0.55056,38.9972],[-0.55281,38.9972],[-0.55056,39.00689],[-0.54831,39.00689],[-0.55056,39.00689],[-0.54831,39.02143],[-0.54606,39.01659],[-0.54381,39.01497],[-0.52132,39.01335],[-0.52582,39.0392],[-0.51008,39.0489],[-0.48309,39.04082],[-0.46959,39.02789],[-0.46959,39.0182],[-0.47409,39.00689],[-0.47409,39.00528],[-0.47409,39.00043],[-0.47634,39.00204],[-0.47634,39.00043],[-0.47634,39.00204],[-0.47859,39.00043],[-0.49883,38.96812],[-0.49208,38.96489]],[[-0.47634,39.00204],[-0.47634,39.00204]],[[-0.55056,38.99558],[-0.55056,38.99558]],[[-0.54831,39.00366],[-0.54831,39.00366]],[[-0.54381,38.99558],[-0.54381,38.99558]],[[-0.54381,39.00689],[-0.54381,39.00689]],[[-0.53257,38.9665],[-0.53257,38.9665]],[[-0.52807,38.96812],[-0.52807,38.96812]],[[-0.52357,38.96973],[-0.52357,38.96973]],[[-0.51232,38.97135],[-0.51232,38.97135]],[[-0.51457,38.96973],[-0.51457,38.96973]],[[-0.51008,38.98589],[-0.51008,38.98589]],[[-0.50558,38.97135],[-0.50558,38.97135]],[[-0.49658,38.98427],[-0.49658,38.98427]],[[-0.47409,39.01012],[-0.47409,39.01012]],[[-0.55056,39.00043],[-0.55056,39.00043]],[[-0.47184,39.00204],[-0.47184,39.00204]],[[-0.47184,39.00204],[-0.47184,39.00366],[-0.47184,39.00204]],[[-0.46959,39.00366],[-0.46734,39.00528],[-0.46959,39.00366]],[[-0.55056,39.00689],[-0.55056,39.00528],[-0.55056,39.00689]],[[-0.46284,39.00851],[-0.46059,39.00689],[-0.46284,39.00851]],[[-0.47409,39.00689],[-0.47409,39.00689]],[[-0.55506,39.01012],[-0.55506,39.01012]],[[-0.55731,39.04405],[-0.55056,39.04728],[-0.54831,39.02628],[-0.5663,39.02628],[-0.56855,39.03759],[-0.55731,39.04405]],[[-0.55956,39.03113],[-0.55956,39.03113]],[[-0.55281,39.0392],[-0.55281,39.0392]],[[-0.55506,39.03597],[-0.55506,39.03597]],[[-0.54381,39.05536],[-0.54381,39.04728],[-0.54831,39.0489],[-0.55056,39.05698],[-0.54381,39.05536]],[[-0.38188,39.05698],[-0.38412,39.03759],[-0.43585,39.05213],[-0.43136,39.07152],[-0.38188,39.05698]]]}},{"type":"Feature","properties":{"name":"Xeresa","layer":"municipio"},"geometry":{"type":"MultiLineString","coordinates":[[[-0.28067,39.01497],[-0.27617,39.01982],[-0.25368,39.01659],[-0.19295,39.03113],[-0.1817,39.0182],[-0.21544,39.00043],[-0.25368,39.00043],[-0.26942,39.00851],[-0.28067,39.01497]]]}},{"type":"Feature","properties":{"name":"Ll\u00edria","layer":"municipio"},"geometry":{"type":"MultiLineString","coordinates":[[[-0.79571,39.73877],[-0.74174,39.78078],[-0.699,39.77431],[-0.65177,39.75331],[-0.63153,39.74685],[-0.58879,39.742],[-0.5753,39.7],[-0.58655,39.67899],[-0.54606,39.66284],[-0.53931,39.65153],[-0.55281,39.62406],[-0.5753,39.60467],[-0.60679,39.60306],[-0.67651,39.62245],[-0.70575,39.65153],[-0.73049,39.65314],[-0.78897,39.66122],[-0.78897,39.69838],[-0.74623,39.66607],[-0.6945,39.6903],[-0.68776,39.69676],[-0.71475,39.72423],[-0.73724,39.73554],[-0.79346,39.721],[-0.79571,39.73877]],[[-0.66526,39.65314],[-0.65852,39.66122],[-0.68551,39.67576],[-0.67426,39.64506],[-0.66526,39.65314]],[[-0.5843,39.61921],[-0.5798,39.60791],[-0.55956,39.6176],[-0.5843,39.61921]]]}},{"type":"Feature","properties":{"name":"Loriguilla","layer":"municipio"},"geometry":{"type":"MultiLineString","coordinates":[[[-0.58879,39.48512],[-0.59554,39.49966],[-0.55281,39.49966],[-0.53482,39.48673],[-0.58879,39.48512]],[[-1.04087,39.64991],[-1.00938,39.63214],[-0.98014,39.6693],[-0.95315,39.68707],[-0.92391,39.69838],[-0.89018,39.69515],[-0.90367,39.68384],[-0.91492,39.6483],[-0.94641,39.64183],[-0.9644,39.63052],[-0.98914,39.62083],[-1.01388,39.58367],[-1.06786,39.61275],[-1.06336,39.63052],[-1.04087,39.64991]]]}},{"type":"Feature","properties":{"name":"Losa del Obispo","layer":"municipio"},"geometry":{"type":"MultiLineString","coordinates":[[[-0.90367,39.68384],[-0.89018,39.69515],[-0.85644,39.72261],[-0.8362,39.7],[-0.84295,39.68384],[-0.86769,39.68707],[-0.90367,39.68384]]]}},{"type":"Feature","properties":{"name":"Llutxent","layer":"municipio"},"geometry":{"type":"MultiLineString","coordinates":[[[-0.39087,38.91157],[-0.38412,38.94711],[-0.35039,38.97296],[-0.33239,38.96165],[-0.3234,38.98104],[-0.29191,38.98912],[-0.29641,38.9665],[-0.29191,38.94873],[-0.29191,38.9455],[-0.30316,38.93419],[-0.3234,38.92934],[-0.34139,38.93742],[-0.33914,38.92449],[-0.35714,38.91965],[-0.37063,38.90511],[-0.37738,38.90349],[-0.39087,38.91157]]]}},{"type":"Feature","properties":{"name":"Llocnou d'En Fenollet","layer":"municipio"},"geometry":{"type":"MultiLineString","coordinates":[[[-0.47409,38.9972],[-0.47409,38.9972]],[[-0.47409,39.00043],[-0.47634,39.00204],[-0.47409,39.00043]],[[-0.47634,39.00204],[-0.47634,39.00043],[-0.47859,39.00043],[-0.47634,39.00204]],[[-0.47634,39.00204],[-0.47634,39.00204]],[[-0.47409,39.00528],[-0.47409,39.00528]],[[-0.47409,39.01012],[-0.47409,39.01012]],[[-0.47184,38.99881],[-0.47184,38.99881]],[[-0.46959,39.00204],[-0.46959,39.00204]],[[-0.47184,39.00204],[-0.47184,39.00366],[-0.47184,39.00204],[-0.47184,39.00204]],[[-0.46959,39.00528],[-0.46959,39.00528]],[[-0.46959,39.0182],[-0.46284,39.00851],[-0.46059,39.00689],[-0.46059,39.00366],[-0.46959,39.00204],[-0.46959,39.00366],[-0.46734,39.00528],[-0.47409,39.00528],[-0.47409,39.00689],[-0.46959,39.0182]],[[-0.47409,39.00689],[-0.47409,39.00689]]]}},{"type":"Feature","properties":{"name":"Llocnou de la Corona","layer":"municipio"},"geometry":{"type":"MultiLineString","coordinates":[[[-0.38188,39.42049],[-0.38188,39.42049]]]}},{"type":"Feature","properties":{"name":"Llanera de Ranes","layer":"municipio"},"geometry":{"type":"MultiLineString","coordinates":[[[-0.59779,38.98912],[-0.59554,38.9875],[-0.59554,38.98589],[-0.60004,38.98589],[-0.59779,38.98912]],[[-0.59104,38.99074],[-0.59104,38.98912],[-0.59329,38.98912],[-0.59104,38.99074]],[[-0.59779,38.98912],[-0.59554,38.98912],[-0.59779,38.98912]],[[-0.59329,38.99074],[-0.59554,38.98912],[-0.59779,38.99074],[-0.59554,38.99235],[-0.59329,38.99074]],[[-0.59779,38.99074],[-0.59779,38.99074]],[[-0.58205,38.99235],[-0.58205,38.99235]],[[-0.5843,38.99235],[-0.5843,38.99235]],[[-0.58879,38.99397],[-0.58879,38.99235],[-0.58879,38.99397]],[[-0.55956,38.9972],[-0.55731,38.99881],[-0.55956,38.9972]],[[-0.62478,39.00204],[-0.60229,39.00851],[-0.60004,39.01335],[-0.59104,39.01174],[-0.55956,39.00043],[-0.56181,38.99881],[-0.56405,38.99558],[-0.56181,38.99235],[-0.56405,38.99235],[-0.56181,38.99074],[-0.56181,38.9875],[-0.56181,38.98589],[-0.58205,38.99235],[-0.5843,38.99397],[-0.58655,38.99397],[-0.58879,38.99397],[-0.59104,38.99235],[-0.59104,38.99074],[-0.59329,38.99074],[-0.59329,38.99235],[-0.59554,38.99235],[-0.60454,38.99235],[-0.62928,39.00043],[-0.62478,39.00204]],[[-0.58879,38.99881],[-0.58879,38.99881]],[[-0.5843,38.99881],[-0.5843,38.99881]],[[-0.5798,38.99881],[-0.5798,38.99881]],[[-0.57755,39.00043],[-0.57755,39.00043]]]}},{"type":"Feature","properties":{"name":"Llaur\u00ed","layer":"municipio"},"geometry":{"type":"MultiLineString","coordinates":[[[-0.30765,39.14745],[-0.29641,39.13453],[-0.32565,39.11191],[-0.34814,39.12806],[-0.33914,39.15391],[-0.30765,39.14745]],[[-0.30765,39.17653],[-0.30541,39.17007],[-0.3189,39.16038],[-0.3234,39.16361],[-0.30765,39.17653]]]}},{"type":"Feature","properties":{"name":"Llombai","layer":"municipio"},"geometry":{"type":"MultiLineString","coordinates":[[[-0.68776,39.26701],[-0.67651,39.28478],[-0.68101,39.29447],[-0.65852,39.29124],[-0.60004,39.30578],[-0.58205,39.32355],[-0.55281,39.33325],[-0.50333,39.31063],[-0.54831,39.28316],[-0.5663,39.27993],[-0.67651,39.26216],[-0.68776,39.26701]]]}},{"type":"Feature","properties":{"name":"la Llosa de Ranes","layer":"municipio"},"geometry":{"type":"MultiLineString","coordinates":[[[-0.54381,39.04405],[-0.54156,39.04567],[-0.52582,39.0392],[-0.52132,39.01335],[-0.54381,39.01497],[-0.54606,39.01659],[-0.54831,39.02143],[-0.54831,39.02628],[-0.55056,39.04728],[-0.54381,39.04405]],[[-0.55956,39.03113],[-0.55956,39.03113]],[[-0.55506,39.03597],[-0.55506,39.03597]],[[-0.55281,39.0392],[-0.55281,39.0392]]]}},{"type":"Feature","properties":{"name":"Macastre","layer":"municipio"},"geometry":{"type":"MultiLineString","coordinates":[[[-0.84744,39.32032],[-0.8407,39.33648],[-0.80246,39.37041],[-0.79571,39.39141],[-0.76423,39.3801],[-0.76423,39.32194],[-0.84744,39.32032]]]}},{"type":"Feature","properties":{"name":"Manises","layer":"municipio"},"geometry":{"type":"MultiLineString","coordinates":[[[-0.52807,39.48512],[-0.53032,39.50612],[-0.51457,39.52551],[-0.49883,39.50935],[-0.44935,39.49158],[-0.44935,39.48512],[-0.52807,39.48512]]]}},{"type":"Feature","properties":{"name":"Manuel","layer":"municipio"},"geometry":{"type":"MultiLineString","coordinates":[[[-0.51008,39.0489],[-0.50783,39.05698],[-0.49658,39.06829],[-0.47859,39.07152],[-0.47184,39.06021],[-0.48758,39.0489],[-0.48309,39.04082],[-0.51008,39.0489]]]}},{"type":"Feature","properties":{"name":"Marines","layer":"municipio"},"geometry":{"type":"MultiLineString","coordinates":[[[-0.58879,39.742],[-0.58205,39.75654],[-0.52807,39.7517],[-0.49883,39.73877],[-0.49433,39.71615],[-0.50108,39.72423],[-0.53707,39.71938],[-0.56855,39.70646],[-0.54606,39.66284],[-0.58655,39.67899],[-0.5753,39.7],[-0.58879,39.742]]]}},{"type":"Feature","properties":{"name":"Massalav\u00e9s","layer":"municipio"},"geometry":{"type":"MultiLineString","coordinates":[[[-0.53482,39.15715],[-0.51907,39.17007],[-0.50108,39.16522],[-0.50108,39.16038],[-0.51232,39.14422],[-0.53032,39.13937],[-0.53482,39.15715]]]}},{"type":"Feature","properties":{"name":"Massalfassar","layer":"municipio"},"geometry":{"type":"MultiLineString","coordinates":[[[-0.3279,39.56428],[-0.32115,39.56105],[-0.29641,39.54974],[-0.29866,39.5449],[-0.32565,39.55297],[-0.3279,39.56428]]]}},{"type":"Feature","properties":{"name":"Massamagrell","layer":"municipio"},"geometry":{"type":"MultiLineString","coordinates":[[[-0.36163,39.5966],[-0.33689,39.58367],[-0.3144,39.56913],[-0.28516,39.55944],[-0.28741,39.55621],[-0.32115,39.56105],[-0.3279,39.56428],[-0.35264,39.57882],[-0.36163,39.5966]]]}},{"type":"Feature","properties":{"name":"Massanassa","layer":"municipio"},"geometry":{"type":"MultiLineString","coordinates":[[[-0.40662,39.41241],[-0.40437,39.41565],[-0.37063,39.40757],[-0.34364,39.37041],[-0.34814,39.37041],[-0.36838,39.39626],[-0.40662,39.41241]]]}},{"type":"Feature","properties":{"name":"Meliana","layer":"municipio"},"geometry":{"type":"MultiLineString","coordinates":[[[-0.35264,39.52874],[-0.35039,39.5352],[-0.3144,39.52551],[-0.3189,39.5142],[-0.33914,39.51905],[-0.35039,39.52228],[-0.35264,39.52874]]]}},{"type":"Feature","properties":{"name":"Mislata","layer":"municipio"},"geometry":{"type":"MultiLineString","coordinates":[[[-0.43361,39.46735],[-0.42236,39.48512],[-0.41786,39.46896],[-0.43361,39.46735]]]}},{"type":"Feature","properties":{"name":"Moixent/Mogente","layer":"municipio"},"geometry":{"type":"MultiLineString","coordinates":[[[-0.90142,38.90026],[-0.8362,38.91803],[-0.81371,38.91319],[-0.76423,38.91642],[-0.72149,38.89218],[-0.69225,38.84856],[-0.72149,38.83725],[-0.80696,38.80494],[-0.8407,38.78555],[-0.83395,38.80494],[-0.86544,38.82756],[-0.84969,38.83564],[-0.87443,38.87441],[-0.90142,38.90026]]]}},{"type":"Feature","properties":{"name":"Moncada","layer":"municipio"},"geometry":{"type":"MultiLineString","coordinates":[[[-0.42686,39.56267],[-0.42011,39.55944],[-0.39537,39.59175],[-0.37963,39.59983],[-0.38412,39.57559],[-0.37288,39.55782],[-0.38188,39.55136],[-0.38412,39.53359],[-0.42686,39.56267]]]}},{"type":"Feature","properties":{"name":"Millares","layer":"municipio"},"geometry":{"type":"MultiLineString","coordinates":[[[-0.84519,39.17169],[-0.86769,39.19754],[-0.87668,39.225],[-0.84519,39.23308],[-0.80696,39.26539],[-0.77997,39.26539],[-0.77547,39.25085],[-0.73274,39.2347],[-0.71699,39.22339],[-0.699,39.204],[-0.7125,39.20238],[-0.73274,39.17653],[-0.80021,39.17007],[-0.84519,39.17169]]]}},{"type":"Feature","properties":{"name":"Miramar","layer":"municipio"},"geometry":{"type":"MultiLineString","coordinates":[[[-0.15022,38.95519],[-0.14797,38.95842],[-0.14572,38.96004],[-0.12772,38.96327],[-0.11873,38.95358],[-0.14347,38.94711],[-0.14572,38.94873],[-0.15022,38.95519]]]}},{"type":"Feature","properties":{"name":"Montaverner","layer":"municipio"},"geometry":{"type":"MultiLineString","coordinates":[[[-0.51008,38.8938],[-0.48534,38.90026],[-0.47634,38.90511],[-0.46959,38.8938],[-0.48983,38.86795],[-0.51232,38.87603],[-0.51008,38.8938]]]}},{"type":"Feature","properties":{"name":"Montesa","layer":"municipio"},"geometry":{"type":"MultiLineString","coordinates":[[[-0.699,38.94711],[-0.68551,38.96165],[-0.65402,38.98266],[-0.64277,38.98104],[-0.62928,38.97943],[-0.61578,38.96165],[-0.60454,38.94388],[-0.59554,38.91157],[-0.62253,38.89057],[-0.66077,38.92611],[-0.699,38.94711]]]}},{"type":"Feature","properties":{"name":"Montitxelvo/Montichelvo","layer":"municipio"},"geometry":{"type":"MultiLineString","coordinates":[[[-0.36388,38.90188],[-0.33239,38.90834],[-0.3099,38.88087],[-0.31215,38.87441],[-0.32565,38.87441],[-0.36388,38.90188]]]}},{"type":"Feature","properties":{"name":"Museros","layer":"municipio"},"geometry":{"type":"MultiLineString","coordinates":[[[-0.38412,39.57559],[-0.37963,39.59983],[-0.36838,39.59983],[-0.36163,39.5966],[-0.35264,39.57882],[-0.3279,39.56428],[-0.32565,39.55297],[-0.33239,39.55136],[-0.33914,39.55136],[-0.38412,39.57559]],[[-0.33914,39.55459],[-0.33914,39.55459]]]}},{"type":"Feature","properties":{"name":"N\u00e0quera/N\u00e1quera","layer":"municipio"},"geometry":{"type":"MultiLineString","coordinates":[[[-0.46284,39.64345],[-0.46059,39.65799],[-0.4381,39.6693],[-0.39987,39.67415],[-0.39312,39.65961],[-0.37963,39.62406],[-0.37513,39.61437],[-0.36838,39.59983],[-0.37963,39.59983],[-0.39537,39.59175],[-0.41111,39.60952],[-0.46284,39.64345]]]}},{"type":"Feature","properties":{"name":"Navarr\u00e9s","layer":"municipio"},"geometry":{"type":"MultiLineString","coordinates":[[[-0.78222,39.06182],[-0.76872,39.08929],[-0.73274,39.10221],[-0.699,39.13776],[-0.66526,39.10706],[-0.66077,39.08606],[-0.67426,39.07798],[-0.71475,39.07152],[-0.75298,39.05859],[-0.78222,39.06182]]]}},{"type":"Feature","properties":{"name":"Olocau","layer":"municipio"},"geometry":{"type":"MultiLineString","coordinates":[[[-0.54606,39.66284],[-0.56855,39.70646],[-0.53707,39.71938],[-0.50108,39.72423],[-0.49433,39.71615],[-0.48983,39.70323],[-0.50108,39.68869],[-0.51682,39.64668],[-0.52357,39.63537],[-0.53931,39.65153],[-0.54606,39.66284]]]}},{"type":"Feature","properties":{"name":"l'Olleria","layer":"municipio"},"geometry":{"type":"MultiLineString","coordinates":[[[-0.58205,38.92288],[-0.55281,38.94227],[-0.52807,38.94873],[-0.52132,38.94065],[-0.51232,38.93257],[-0.50783,38.92773],[-0.51907,38.91642],[-0.51682,38.89541],[-0.51907,38.89541],[-0.52582,38.89218],[-0.56855,38.88087],[-0.5798,38.89218],[-0.57305,38.91642],[-0.58205,38.92288]]]}},{"type":"Feature","properties":{"name":"el Palomar","layer":"municipio"},"geometry":{"type":"MultiLineString","coordinates":[[[-0.46059,38.82756],[-0.45385,38.81786],[-0.46059,38.80979],[-0.48084,38.83725],[-0.46059,38.82756]],[[-0.51682,38.89541],[-0.51008,38.8938],[-0.51232,38.87603],[-0.48983,38.86795],[-0.48309,38.85664],[-0.48534,38.85502],[-0.49658,38.85018],[-0.50558,38.86472],[-0.51907,38.89541],[-0.51682,38.89541]]]}},{"type":"Feature","properties":{"name":"Ontinyent","layer":"municipio"},"geometry":{"type":"MultiLineString","coordinates":[[[-0.73274,38.75647],[-0.73274,38.78878],[-0.72149,38.83725],[-0.69225,38.84856],[-0.66077,38.86149],[-0.64277,38.85987],[-0.5843,38.86795],[-0.55956,38.80332],[-0.59554,38.79524],[-0.71699,38.75001],[-0.73274,38.75647]]]}},{"type":"Feature","properties":{"name":"Pedralba","layer":"municipio"},"geometry":{"type":"MultiLineString","coordinates":[[[-0.77547,39.55297],[-0.75523,39.59336],[-0.73949,39.64183],[-0.73049,39.65314],[-0.70575,39.65153],[-0.67651,39.62245],[-0.68551,39.60629],[-0.71699,39.5659],[-0.71699,39.5449],[-0.74398,39.53843],[-0.77547,39.55297]]]}},{"type":"Feature","properties":{"name":"Petr\u00e9s","layer":"municipio"},"geometry":{"type":"MultiLineString","coordinates":[[[-0.3234,39.6903],[-0.30091,39.68546],[-0.31215,39.67899],[-0.3234,39.6903]]]}},{"type":"Feature","properties":{"name":"Picanya","layer":"municipio"},"geometry":{"type":"MultiLineString","coordinates":[[[-0.4561,39.44957],[-0.4471,39.4528],[-0.43136,39.45119],[-0.42011,39.43503],[-0.42011,39.41888],[-0.43585,39.41241],[-0.4381,39.43019],[-0.4561,39.44957]]]}},{"type":"Feature","properties":{"name":"Otos","layer":"municipio"},"geometry":{"type":"MultiLineString","coordinates":[[[-0.44035,38.88087],[-0.43136,38.82594],[-0.44485,38.82109],[-0.44485,38.85179],[-0.45385,38.87279],[-0.4471,38.89057],[-0.44035,38.88087]],[[-0.46959,38.91319],[-0.46734,38.91319],[-0.4471,38.89218],[-0.46959,38.8938],[-0.47634,38.90511],[-0.46959,38.91319]]]}},{"type":"Feature","properties":{"name":"Paiporta","layer":"municipio"},"geometry":{"type":"MultiLineString","coordinates":[[[-0.42011,39.41888],[-0.42011,39.43503],[-0.40212,39.42857],[-0.40437,39.41888],[-0.40437,39.41565],[-0.40662,39.41241],[-0.42011,39.41888]]]}},{"type":"Feature","properties":{"name":"Palma de Gand\u00eda","layer":"municipio"},"geometry":{"type":"MultiLineString","coordinates":[[[-0.28741,38.95358],[-0.27392,38.9665],[-0.24243,38.96327],[-0.21994,38.95519],[-0.21094,38.93742],[-0.1952,38.92934],[-0.1997,38.92449],[-0.1997,38.92288],[-0.23343,38.92611],[-0.23793,38.93742],[-0.23793,38.94065],[-0.25592,38.94873],[-0.28741,38.95358]]]}},{"type":"Feature","properties":{"name":"Palmera","layer":"municipio"},"geometry":{"type":"MultiLineString","coordinates":[[[-0.15696,38.94711],[-0.14572,38.94873],[-0.14347,38.94711],[-0.14347,38.94065],[-0.15696,38.94711]]]}},{"type":"Feature","properties":{"name":"Paterna","layer":"municipio"},"geometry":{"type":"MultiLineString","coordinates":[[[-0.51457,39.52551],[-0.51457,39.54166],[-0.50558,39.55459],[-0.49208,39.54328],[-0.47184,39.55136],[-0.48309,39.5659],[-0.44935,39.5449],[-0.41786,39.51743],[-0.42461,39.50774],[-0.42686,39.48835],[-0.44935,39.49158],[-0.49883,39.50935],[-0.51457,39.52551]]]}},{"type":"Feature","properties":{"name":"Picassent","layer":"municipio"},"geometry":{"type":"MultiLineString","coordinates":[[[-0.55281,39.33325],[-0.53931,39.36071],[-0.53707,39.38656],[-0.51232,39.39787],[-0.46509,39.39949],[-0.46059,39.37525],[-0.44935,39.36395],[-0.43136,39.36395],[-0.43361,39.33486],[-0.42686,39.33002],[-0.42461,39.30578],[-0.4426,39.30094],[-0.48758,39.30255],[-0.50333,39.31063],[-0.55281,39.33325]]]}},{"type":"Feature","properties":{"name":"Piles","layer":"municipio"},"geometry":{"type":"MultiLineString","coordinates":[[[-0.14347,38.94711],[-0.11873,38.95358],[-0.10748,38.94388],[-0.14122,38.93742],[-0.14347,38.94065],[-0.14347,38.94711]]]}},{"type":"Feature","properties":{"name":"Pinet","layer":"municipio"},"geometry":{"type":"MultiLineString","coordinates":[[[-0.35039,38.97296],[-0.33689,38.9972],[-0.32115,39.00043],[-0.28741,38.99558],[-0.29191,38.98912],[-0.3234,38.98104],[-0.33239,38.96165],[-0.35039,38.97296]]]}},{"type":"Feature","properties":{"name":"Poliny\u00e0 de X\u00faquer","layer":"municipio"},"geometry":{"type":"MultiLineString","coordinates":[[[-0.41111,39.18623],[-0.40437,39.19915],[-0.35489,39.20077],[-0.35264,39.20238],[-0.35264,39.18461],[-0.33689,39.17815],[-0.37513,39.17815],[-0.38862,39.1943],[-0.40437,39.18461],[-0.41111,39.18623]]]}},{"type":"Feature","properties":{"name":"Potries","layer":"municipio"},"geometry":{"type":"MultiLineString","coordinates":[[[-0.2042,38.91157],[-0.1997,38.92288],[-0.1997,38.92449],[-0.18395,38.92611],[-0.17945,38.90188],[-0.2042,38.91157]]]}},{"type":"Feature","properties":{"name":"la Pobla de Farnals","layer":"municipio"},"geometry":{"type":"MultiLineString","coordinates":[[[-0.33689,39.58367],[-0.3234,39.5869],[-0.30091,39.56913],[-0.28067,39.5659],[-0.28516,39.55944],[-0.3144,39.56913],[-0.33689,39.58367]]]}},{"type":"Feature","properties":{"name":"la Pobla del Duc","layer":"municipio"},"geometry":{"type":"MultiLineString","coordinates":[[[-0.46734,38.91319],[-0.4471,38.91965],[-0.41786,38.92449],[-0.39087,38.91157],[-0.37738,38.90349],[-0.42236,38.89218],[-0.42461,38.87764],[-0.44035,38.88087],[-0.4471,38.89057],[-0.4471,38.89218],[-0.46734,38.91319]]]}},{"type":"Feature","properties":{"name":"Puebla de San Miguel","layer":"municipio"},"geometry":{"type":"MultiLineString","coordinates":[[[-1.16457,40.0102],[-1.18931,40.05543],[-1.16682,40.06997],[-1.14883,40.11521],[-1.13308,40.09744],[-1.10609,40.08775],[-1.0836,40.07159],[-1.07236,40.0522],[-1.0836,40.03605],[-1.13533,40.01504],[-1.16457,40.0102]]]}},{"type":"Feature","properties":{"name":"la Pobla de Vallbona","layer":"municipio"},"geometry":{"type":"MultiLineString","coordinates":[[[-0.5753,39.60467],[-0.55281,39.62406],[-0.53931,39.65153],[-0.52357,39.63537],[-0.51682,39.64668],[-0.51008,39.64183],[-0.51907,39.61275],[-0.51008,39.58529],[-0.52132,39.57559],[-0.52807,39.58044],[-0.55506,39.56105],[-0.57305,39.5659],[-0.5798,39.58206],[-0.56855,39.58367],[-0.5753,39.60467]]]}},{"type":"Feature","properties":{"name":"la Pobla Llarga","layer":"municipio"},"geometry":{"type":"MultiLineString","coordinates":[[[-0.49658,39.0796],[-0.49658,39.07313],[-0.50108,39.07313],[-0.49658,39.0796]],[[-0.44035,39.07313],[-0.46509,39.06667],[-0.47184,39.06021],[-0.47859,39.07152],[-0.49433,39.08121],[-0.49658,39.09898],[-0.47634,39.09737],[-0.4381,39.0796],[-0.44035,39.07313]]]}},{"type":"Feature","properties":{"name":"Pu\u00e7ol","layer":"municipio"},"geometry":{"type":"MultiLineString","coordinates":[[[-0.35264,39.63376],[-0.34364,39.64022],[-0.29641,39.62891],[-0.25817,39.61598],[-0.26717,39.59821],[-0.31215,39.60467],[-0.35264,39.63376]]]}},{"type":"Feature","properties":{"name":"Quesa","layer":"municipio"},"geometry":{"type":"MultiLineString","coordinates":[[[-0.88793,39.02466],[-0.8407,39.06344],[-0.80471,39.08121],[-0.77547,39.10545],[-0.76198,39.13776],[-0.80021,39.17007],[-0.73274,39.17653],[-0.72599,39.15876],[-0.699,39.13776],[-0.73274,39.10221],[-0.76872,39.08929],[-0.78222,39.06182],[-0.8317,39.03759],[-0.86319,39.01659],[-0.88118,39.01174],[-0.88793,39.02466]]]}},{"type":"Feature","properties":{"name":"el Puig de Santa Maria","layer":"municipio"},"geometry":{"type":"MultiLineString","coordinates":[[[-0.37963,39.62406],[-0.35264,39.63376],[-0.31215,39.60467],[-0.26717,39.59821],[-0.28067,39.5659],[-0.30091,39.56913],[-0.3234,39.5869],[-0.37513,39.61437],[-0.37963,39.62406]]]}},{"type":"Feature","properties":{"name":"Rafelbunyol","layer":"municipio"},"geometry":{"type":"MultiLineString","coordinates":[[[-0.37513,39.61437],[-0.3234,39.5869],[-0.33689,39.58367],[-0.36163,39.5966],[-0.36838,39.59983],[-0.37513,39.61437]]]}},{"type":"Feature","properties":{"name":"Rafelguaraf","layer":"municipio"},"geometry":{"type":"MultiLineString","coordinates":[[[-0.46509,39.06667],[-0.44035,39.07313],[-0.43136,39.07152],[-0.43585,39.05213],[-0.38412,39.03759],[-0.43585,39.02951],[-0.4471,39.0392],[-0.47634,39.04728],[-0.46509,39.06667]]]}},{"type":"Feature","properties":{"name":"R\u00e1fol de Salem","layer":"municipio"},"geometry":{"type":"MultiLineString","coordinates":[[[-0.42236,38.87926],[-0.39312,38.86149],[-0.39987,38.8421],[-0.42236,38.86633],[-0.42236,38.87926]]]}},{"type":"Feature","properties":{"name":"Riba-roja de T\u00faria","layer":"municipio"},"geometry":{"type":"MultiLineString","coordinates":[[[-0.60679,39.51743],[-0.59329,39.56751],[-0.57305,39.5659],[-0.55506,39.56105],[-0.51457,39.54166],[-0.51457,39.52551],[-0.53032,39.50612],[-0.52807,39.48512],[-0.53032,39.47058],[-0.55281,39.47058],[-0.59104,39.47865],[-0.58879,39.48512],[-0.53482,39.48673],[-0.55281,39.49966],[-0.59554,39.49966],[-0.60679,39.51743]]]}},{"type":"Feature","properties":{"name":"Riola","layer":"municipio"},"geometry":{"type":"MultiLineString","coordinates":[[[-0.35264,39.20238],[-0.32565,39.204],[-0.33239,39.19269],[-0.32565,39.16522],[-0.33689,39.17815],[-0.35264,39.18461],[-0.35264,39.20238]]]}},{"type":"Feature","properties":{"name":"Rocafort","layer":"municipio"},"geometry":{"type":"MultiLineString","coordinates":[[[-0.42911,39.55459],[-0.39987,39.52228],[-0.41336,39.52874],[-0.42911,39.55459]]]}},{"type":"Feature","properties":{"name":"Rotgl\u00e0 i Corber\u00e0","layer":"municipio"},"geometry":{"type":"MultiLineString","coordinates":[[[-0.55281,38.99558],[-0.55281,38.99558]],[[-0.54831,39.00366],[-0.54831,39.00366]],[[-0.54381,39.00689],[-0.54381,39.00689]],[[-0.54831,39.00689],[-0.54831,39.00689]],[[-0.5663,39.02628],[-0.54831,39.02628],[-0.54831,39.02143],[-0.55056,39.00689],[-0.55056,39.00528],[-0.55056,39.00689],[-0.55281,38.9972],[-0.55056,38.9972],[-0.55281,38.99558],[-0.55731,38.99881],[-0.55956,38.9972],[-0.55956,39.00043],[-0.59104,39.01174],[-0.5663,39.02628]],[[-0.55506,39.01012],[-0.55506,39.01012]],[[-0.55056,39.00043],[-0.55056,39.00043]],[[-0.54606,39.01659],[-0.54381,39.01497],[-0.54606,39.01659]]]}},{"type":"Feature","properties":{"name":"R\u00f2tova","layer":"municipio"},"geometry":{"type":"MultiLineString","coordinates":[[[-0.28741,38.95358],[-0.25592,38.94873],[-0.24468,38.93419],[-0.26042,38.92611],[-0.27167,38.92288],[-0.29191,38.9455],[-0.29191,38.94873],[-0.28741,38.95358]],[[-0.23793,38.94065],[-0.23793,38.93742],[-0.23793,38.94065]]]}},{"type":"Feature","properties":{"name":"Salem","layer":"municipio"},"geometry":{"type":"MultiLineString","coordinates":[[[-0.40212,38.84048],[-0.39987,38.8421],[-0.39312,38.86149],[-0.35039,38.85664],[-0.35489,38.85018],[-0.38188,38.83402],[-0.40212,38.84048]]]}},{"type":"Feature","properties":{"name":"Sant Joanet","layer":"municipio"},"geometry":{"type":"MultiLineString","coordinates":[[[-0.49658,39.07313],[-0.49658,39.0796],[-0.49433,39.08121],[-0.47859,39.07152],[-0.49658,39.06829],[-0.49658,39.07313]]]}},{"type":"Feature","properties":{"name":"Sedav\u00ed","layer":"municipio"},"geometry":{"type":"MultiLineString","coordinates":[[[-0.39087,39.42695],[-0.38862,39.43342],[-0.35714,39.41888],[-0.39087,39.42695]]]}},{"type":"Feature","properties":{"name":"Segart","layer":"municipio"},"geometry":{"type":"MultiLineString","coordinates":[[[-0.39987,39.67415],[-0.38862,39.6903],[-0.37738,39.69353],[-0.36388,39.68546],[-0.36838,39.67253],[-0.39312,39.65961],[-0.39987,39.67415]]]}},{"type":"Feature","properties":{"name":"Sellent","layer":"municipio"},"geometry":{"type":"MultiLineString","coordinates":[[[-0.62253,39.04567],[-0.59329,39.05051],[-0.56855,39.03759],[-0.5663,39.02628],[-0.59104,39.01174],[-0.60004,39.01335],[-0.62253,39.02951],[-0.62253,39.04567]]]}},{"type":"Feature","properties":{"name":"Sempere","layer":"municipio"},"geometry":{"type":"MultiLineString","coordinates":[[[-0.49208,38.91803],[-0.47634,38.93257],[-0.47409,38.93257],[-0.45835,38.91642],[-0.4471,38.91965],[-0.46734,38.91319],[-0.46959,38.91319],[-0.49208,38.91157],[-0.49208,38.91803]]]}},{"type":"Feature","properties":{"name":"Senyera","layer":"municipio"},"geometry":{"type":"MultiLineString","coordinates":[[[-0.50783,39.05698],[-0.51682,39.06829],[-0.50108,39.07313],[-0.49658,39.07313],[-0.49658,39.06829],[-0.50783,39.05698]]]}},{"type":"Feature","properties":{"name":"Serra","layer":"municipio"},"geometry":{"type":"MultiLineString","coordinates":[[[-0.51682,39.64668],[-0.50108,39.68869],[-0.48983,39.70323],[-0.47184,39.72585],[-0.46059,39.71615],[-0.44485,39.71938],[-0.40887,39.71777],[-0.38862,39.6903],[-0.39987,39.67415],[-0.4381,39.6693],[-0.46059,39.65799],[-0.46284,39.64345],[-0.49208,39.64991],[-0.51008,39.64183],[-0.51682,39.64668]]]}},{"type":"Feature","properties":{"name":"Siete Aguas","layer":"municipio"},"geometry":{"type":"MultiLineString","coordinates":[[[-0.98239,39.55297],[-0.93066,39.54328],[-0.91942,39.53843],[-0.86769,39.50935],[-0.85419,39.48835],[-0.87893,39.4415],[-0.90592,39.42695],[-0.93516,39.42211],[-0.97789,39.42857],[-0.9644,39.47542],[-0.98014,39.51097],[-0.98239,39.55297]]]}},{"type":"Feature","properties":{"name":"Titaguas","layer":"municipio"},"geometry":{"type":"MultiLineString","coordinates":[[[-1.19831,39.87287],[-1.09035,39.91326],[-1.06561,39.89872],[-1.04312,39.81632],[-1.04986,39.84056],[-1.07011,39.84863],[-1.09485,39.83571],[-1.13083,39.83571],[-1.14883,39.84379],[-1.16682,39.86317],[-1.19831,39.87287]]]}},{"type":"Feature","properties":{"name":"Silla","layer":"municipio"},"geometry":{"type":"MultiLineString","coordinates":[[[-0.43136,39.36395],[-0.42461,39.37687],[-0.39312,39.38495],[-0.35714,39.36395],[-0.38188,39.35587],[-0.39537,39.32679],[-0.40662,39.32517],[-0.42686,39.33002],[-0.43361,39.33486],[-0.43136,39.36395]]]}},{"type":"Feature","properties":{"name":"Simat de la Valldigna","layer":"municipio"},"geometry":{"type":"MultiLineString","coordinates":[[[-0.38412,39.03759],[-0.38188,39.05698],[-0.36163,39.07798],[-0.33464,39.0699],[-0.33015,39.05213],[-0.29416,39.05213],[-0.27617,39.01982],[-0.28067,39.01497],[-0.30765,39.02466],[-0.34814,39.02305],[-0.35714,39.01012],[-0.37963,39.02143],[-0.38412,39.03759]]]}},{"type":"Feature","properties":{"name":"Sinarcas","layer":"municipio"},"geometry":{"type":"MultiLineString","coordinates":[[[-1.26128,39.75654],[-1.23429,39.78239],[-1.21405,39.80824],[-1.2118,39.83248],[-1.18256,39.80663],[-1.16457,39.78239],[-1.15108,39.77431],[-1.16907,39.74362],[-1.16232,39.73069],[-1.16682,39.67899],[-1.19156,39.69192],[-1.24554,39.69676],[-1.26128,39.69838],[-1.27478,39.73877],[-1.26128,39.75654]]]}},{"type":"Feature","properties":{"name":"Sollana","layer":"municipio"},"geometry":{"type":"MultiLineString","coordinates":[[[-0.41336,39.25731],[-0.39762,39.27832],[-0.40662,39.32517],[-0.39537,39.32679],[-0.39087,39.31548],[-0.35938,39.3074],[-0.33239,39.31548],[-0.35264,39.27509],[-0.35714,39.24762],[-0.37513,39.24277],[-0.41336,39.24277],[-0.41336,39.25731]]]}},{"type":"Feature","properties":{"name":"Sot de Chera","layer":"municipio"},"geometry":{"type":"MultiLineString","coordinates":[[[-0.9644,39.63052],[-0.94641,39.64183],[-0.91492,39.6483],[-0.90142,39.62729],[-0.86544,39.60952],[-0.89917,39.56428],[-0.92616,39.57721],[-0.93291,39.5966],[-0.9644,39.63052]]]}},{"type":"Feature","properties":{"name":"Sueca","layer":"municipio"},"geometry":{"type":"MultiLineString","coordinates":[[[-0.35714,39.24762],[-0.35264,39.27509],[-0.33239,39.31548],[-0.3189,39.31225],[-0.29191,39.28316],[-0.27392,39.27832],[-0.24468,39.225],[-0.27617,39.20238],[-0.28067,39.17492],[-0.30091,39.16845],[-0.30541,39.17007],[-0.30765,39.17653],[-0.30765,39.18946],[-0.33239,39.19269],[-0.32565,39.204],[-0.35264,39.20238],[-0.35489,39.20077],[-0.36163,39.21208],[-0.35039,39.246],[-0.35714,39.24762]]]}},{"type":"Feature","properties":{"name":"Sumac\u00e0rcer","layer":"municipio"},"geometry":{"type":"MultiLineString","coordinates":[[[-0.66526,39.10706],[-0.64727,39.11999],[-0.63603,39.11029],[-0.63603,39.1006],[-0.60904,39.08283],[-0.60004,39.06667],[-0.62928,39.06021],[-0.66077,39.08606],[-0.66526,39.10706]]]}},{"type":"Feature","properties":{"name":"Tavernes Blanques","layer":"municipio"},"geometry":{"type":"MultiLineString","coordinates":[[[-0.36613,39.51258],[-0.36388,39.51097],[-0.35714,39.50774],[-0.35938,39.50289],[-0.36613,39.51258]]]}},{"type":"Feature","properties":{"name":"Terrateig","layer":"municipio"},"geometry":{"type":"MultiLineString","coordinates":[[[-0.33239,38.90834],[-0.3099,38.90834],[-0.30765,38.91642],[-0.30541,38.91642],[-0.30316,38.89057],[-0.29416,38.88895],[-0.29866,38.88249],[-0.3099,38.88087],[-0.33239,38.90834]]]}},{"type":"Feature","properties":{"name":"Tavernes de la Valldigna","layer":"municipio"},"geometry":{"type":"MultiLineString","coordinates":[[[-0.30541,39.09898],[-0.27167,39.12322],[-0.23568,39.10383],[-0.22219,39.10545],[-0.1997,39.05859],[-0.24468,39.0489],[-0.26942,39.02951],[-0.26717,39.0392],[-0.28966,39.06505],[-0.28966,39.07798],[-0.30316,39.09737],[-0.30541,39.09898]]]}},{"type":"Feature","properties":{"name":"Teresa de Cofrentes","layer":"municipio"},"geometry":{"type":"MultiLineString","coordinates":[[[-1.07011,39.11514],[-1.07011,39.1216],[-1.01388,39.1426],[-0.9599,39.17007],[-0.91942,39.15068],[-0.91267,39.14745],[-0.91492,39.10706],[-0.90592,39.09414],[-0.93516,39.07475],[-0.97789,39.06344],[-1.00263,39.06829],[-1.04537,39.06829],[-1.05661,39.07798],[-1.04087,39.08767],[-1.07011,39.11514]]]}},{"type":"Feature","properties":{"name":"Torrebaja","layer":"municipio"},"geometry":{"type":"MultiLineString","coordinates":[[[-1.25678,40.10875],[-1.24779,40.08613],[-1.27253,40.09259],[-1.27253,40.11198],[-1.25678,40.10875]],[[-1.25004,40.12329],[-1.24554,40.11683],[-1.25229,40.1136],[-1.25004,40.12329]]]}},{"type":"Feature","properties":{"name":"Torrella","layer":"municipio"},"geometry":{"type":"MultiLineString","coordinates":[[[-0.56855,38.98104],[-0.56405,38.97781],[-0.5663,38.97943],[-0.56855,38.98104],[-0.56855,38.98104]],[[-0.55506,38.98266],[-0.55956,38.98104],[-0.55506,38.98266]],[[-0.56181,38.98589],[-0.56181,38.9875],[-0.56181,38.98589]],[[-0.58205,38.99074],[-0.58205,38.99235],[-0.56181,38.98589],[-0.55956,38.98427],[-0.55956,38.98266],[-0.56855,38.98266],[-0.57755,38.98589],[-0.58205,38.98912],[-0.58205,38.99074],[-0.58205,38.99074]],[[-0.58655,38.9875],[-0.58655,38.98589],[-0.58879,38.9875],[-0.58655,38.9875]],[[-0.59554,38.9875],[-0.59554,38.98589],[-0.59554,38.9875]],[[-0.59104,38.99074],[-0.58879,38.99074],[-0.58655,38.99074],[-0.58879,38.9875],[-0.59104,38.98912],[-0.59104,38.99074],[-0.59104,38.99074]],[[-0.59779,38.99074],[-0.60004,38.99074],[-0.59779,38.99074]],[[-0.56181,38.99235],[-0.56181,38.99074],[-0.56181,38.99235]],[[-0.60454,38.99235],[-0.60454,38.99235]]]}},{"type":"Feature","properties":{"name":"Torrent","layer":"municipio"},"geometry":{"type":"MultiLineString","coordinates":[[[-0.61803,39.44473],[-0.60454,39.43503],[-0.55506,39.42857],[-0.53482,39.44311],[-0.50783,39.44473],[-0.4561,39.44957],[-0.4381,39.43019],[-0.43585,39.41241],[-0.4516,39.40272],[-0.46509,39.39949],[-0.51232,39.39787],[-0.53707,39.38656],[-0.59104,39.39141],[-0.60454,39.40918],[-0.61803,39.44473]]]}},{"type":"Feature","properties":{"name":"Torres Torres","layer":"municipio"},"geometry":{"type":"MultiLineString","coordinates":[[[-0.44485,39.71938],[-0.44035,39.73069],[-0.41786,39.72585],[-0.34814,39.74846],[-0.33239,39.72908],[-0.39987,39.72746],[-0.40887,39.71777],[-0.44485,39.71938]]]}},{"type":"Feature","properties":{"name":"Tous","layer":"municipio"},"geometry":{"type":"MultiLineString","coordinates":[[[-0.73274,39.17653],[-0.7125,39.20238],[-0.699,39.204],[-0.71699,39.22339],[-0.70575,39.25731],[-0.69001,39.26216],[-0.63603,39.23793],[-0.60229,39.22985],[-0.59329,39.20238],[-0.5843,39.1943],[-0.5798,39.183],[-0.61129,39.18138],[-0.63828,39.15391],[-0.62703,39.15715],[-0.5843,39.14422],[-0.63603,39.1313],[-0.64727,39.11999],[-0.66526,39.10706],[-0.699,39.13776],[-0.72599,39.15876],[-0.73274,39.17653]]]}},{"type":"Feature","properties":{"name":"Tu\u00e9jar","layer":"municipio"},"geometry":{"type":"MultiLineString","coordinates":[[[-1.2118,39.83248],[-1.2073,39.8454],[-1.19831,39.87287],[-1.16682,39.86317],[-1.14883,39.84379],[-1.13083,39.83571],[-1.09485,39.83571],[-1.07011,39.84863],[-1.06786,39.82117],[-1.04312,39.81632],[-1.02063,39.79532],[-1.03187,39.7517],[-1.06561,39.73877],[-1.09485,39.76301],[-1.13758,39.76462],[-1.15108,39.77431],[-1.16457,39.78239],[-1.18256,39.80663],[-1.2118,39.83248]]]}},{"type":"Feature","properties":{"name":"Tur\u00eds","layer":"municipio"},"geometry":{"type":"MultiLineString","coordinates":[[[-0.74623,39.32517],[-0.73724,39.4011],[-0.72824,39.41403],[-0.65402,39.40757],[-0.60454,39.40918],[-0.59104,39.39141],[-0.63378,39.38333],[-0.64277,39.37041],[-0.65402,39.36556],[-0.6945,39.31548],[-0.7125,39.32355],[-0.74623,39.32517]]]}},{"type":"Feature","properties":{"name":"Vall\u00e9s","layer":"municipio"},"geometry":{"type":"MultiLineString","coordinates":[[[-0.55731,38.98104],[-0.55956,38.97943],[-0.55956,38.98104],[-0.55731,38.98104]],[[-0.5843,38.98589],[-0.5843,38.98589]],[[-0.54831,38.98427],[-0.55056,38.98427],[-0.54831,38.98427]],[[-0.56181,38.9875],[-0.56181,38.99074],[-0.55956,38.99074],[-0.55281,38.99558],[-0.55281,38.99397],[-0.55056,38.99235],[-0.54831,38.99397],[-0.54606,38.98912],[-0.54606,38.9875],[-0.55056,38.98589],[-0.55506,38.98266],[-0.55956,38.98104],[-0.55956,38.98266],[-0.55956,38.98427],[-0.56181,38.98589],[-0.56181,38.9875]],[[-0.55506,38.99074],[-0.55506,38.99074]],[[-0.59554,38.98912],[-0.59779,38.98912],[-0.59779,38.99074],[-0.59554,38.98912],[-0.59554,38.98912]],[[-0.59329,38.99074],[-0.59554,38.99235],[-0.59329,38.99235],[-0.59329,38.99074]],[[-0.56181,38.99235],[-0.56405,38.99235],[-0.56181,38.99235]],[[-0.55056,38.99558],[-0.55056,38.99558]]]}},{"type":"Feature","properties":{"name":"Venta del Moro","layer":"municipio"},"geometry":{"type":"MultiLineString","coordinates":[[[-1.45696,39.48189],[-1.42097,39.49966],[-1.39173,39.53036],[-1.38498,39.54974],[-1.36249,39.54813],[-1.331,39.5352],[-1.31751,39.51581],[-1.27478,39.52551],[-1.27928,39.45442],[-1.27253,39.44311],[-1.31751,39.42211],[-1.35575,39.3898],[-1.36474,39.37364],[-1.38273,39.36556],[-1.39848,39.36395],[-1.41197,39.3801],[-1.45471,39.36071],[-1.45246,39.39787],[-1.47495,39.40918]]]}},{"type":"Feature","properties":{"name":"Utiel","layer":"municipio"},"geometry":{"type":"MultiLineString","coordinates":[[[-1.34225,39.61437],[-1.349,39.62729],[-1.27928,39.66607],[-1.24554,39.69676],[-1.19156,39.69192],[-1.16682,39.67899],[-1.14658,39.65961],[-1.0881,39.6176],[-1.10384,39.60144],[-1.13758,39.59336],[-1.16007,39.57398],[-1.15557,39.55621],[-1.18031,39.54166],[-1.23654,39.54166],[-1.26578,39.56105],[-1.32201,39.58044],[-1.331,39.58206],[-1.34225,39.61437]]]}},{"type":"Feature","properties":{"name":"Val\u00e8ncia","layer":"municipio"},"geometry":{"type":"MultiLineString","coordinates":[[[-0.42686,39.56267],[-0.38412,39.53359],[-0.37288,39.52874],[-0.37063,39.52712],[-0.36613,39.51258],[-0.35938,39.50289],[-0.35714,39.49481],[-0.3234,39.4835],[-0.3189,39.46088],[-0.30316,39.46088],[-0.31215,39.44311],[-0.3234,39.45765],[-0.31665,39.42372],[-0.33015,39.42857],[-0.33239,39.40918],[-0.30541,39.33486],[-0.27392,39.27832],[-0.29191,39.28316],[-0.3189,39.31225],[-0.33239,39.31548],[-0.35938,39.3074],[-0.39087,39.31548],[-0.39537,39.32679],[-0.38188,39.35587],[-0.35714,39.36395],[-0.35714,39.36556],[-0.34814,39.37041],[-0.34364,39.37041],[-0.33015,39.36556],[-0.35714,39.41888],[-0.38862,39.43342],[-0.39087,39.42695],[-0.39987,39.42857],[-0.40212,39.42857],[-0.42011,39.43503],[-0.43136,39.45119],[-0.41561,39.45442],[-0.41786,39.46896],[-0.42236,39.48512],[-0.42686,39.48835],[-0.42461,39.50774],[-0.39762,39.49966],[-0.40212,39.51097],[-0.39987,39.52228],[-0.42911,39.55459],[-0.43361,39.56105],[-0.42686,39.56267]],[[-0.36163,39.53197],[-0.35264,39.52874],[-0.35039,39.52228],[-0.36163,39.51581],[-0.36613,39.52389],[-0.36163,39.53197]],[[-0.33239,39.55136],[-0.33239,39.54005],[-0.33914,39.55136],[-0.33239,39.55136]],[[-0.28741,39.55621],[-0.29641,39.54974],[-0.32115,39.56105],[-0.28741,39.55621]]]}},{"type":"Feature","properties":{"name":"Vallada","layer":"municipio"},"geometry":{"type":"MultiLineString","coordinates":[[[-0.76423,38.91642],[-0.72824,38.92449],[-0.699,38.94711],[-0.66077,38.92611],[-0.62253,38.89057],[-0.64727,38.87926],[-0.66077,38.86149],[-0.69225,38.84856],[-0.72149,38.89218],[-0.76423,38.91642]]]}},{"type":"Feature","properties":{"name":"Vallanca","layer":"municipio"},"geometry":{"type":"MultiLineString","coordinates":[[[-1.41422,40.08613],[-1.40748,40.10067],[-1.37149,40.08128],[-1.31526,40.09421],[-1.31301,40.0312],[-1.31076,40.02635],[-1.30851,40.0102],[-1.3355,40.01666],[-1.35799,40.01181],[-1.37599,40.01666],[-1.38273,40.03928],[-1.40073,40.06674],[-1.41422,40.08613]]]}},{"type":"Feature","properties":{"name":"Vilallonga/Villalonga","layer":"municipio"},"geometry":{"type":"MultiLineString","coordinates":[[[-0.29866,38.88249],[-0.29416,38.88895],[-0.27392,38.89218],[-0.25368,38.89864],[-0.22894,38.89541],[-0.2042,38.91157],[-0.17945,38.90188],[-0.16146,38.89703],[-0.16146,38.88734],[-0.19745,38.86633],[-0.1952,38.85987],[-0.23118,38.85341],[-0.26042,38.85987],[-0.29866,38.88249]]]}},{"type":"Feature","properties":{"name":"Vilamarxant","layer":"municipio"},"geometry":{"type":"MultiLineString","coordinates":[[[-0.71699,39.5449],[-0.71699,39.5659],[-0.68551,39.60629],[-0.65852,39.59821],[-0.64727,39.60144],[-0.63603,39.5869],[-0.62028,39.58529],[-0.59329,39.56751],[-0.60679,39.51743],[-0.6945,39.5352],[-0.71699,39.5449]]]}},{"type":"Feature","properties":{"name":"Y\u00e1tova","layer":"municipio"},"geometry":{"type":"MultiLineString","coordinates":[[[-0.98239,39.33648],[-0.98464,39.35587],[-0.97564,39.39626],[-0.95315,39.38333],[-0.94191,39.40272],[-0.91492,39.39303],[-0.87218,39.38818],[-0.84519,39.40757],[-0.81596,39.40918],[-0.79796,39.40272],[-0.79571,39.39141],[-0.80246,39.37041],[-0.8407,39.33648],[-0.84744,39.32032],[-0.89917,39.31063],[-0.92841,39.31548],[-0.98239,39.33648]]]}},{"type":"Feature","properties":{"name":"Castell\u00f3","layer":"municipio"},"geometry":{"type":"MultiLineString","coordinates":[[[-0.54381,39.05536],[-0.53931,39.07636],[-0.53707,39.08606],[-0.50333,39.11029],[-0.49658,39.09898],[-0.49433,39.08121],[-0.49658,39.0796],[-0.50108,39.07313],[-0.51682,39.06829],[-0.50783,39.05698],[-0.51008,39.0489],[-0.52582,39.0392],[-0.54156,39.04567],[-0.54381,39.04728],[-0.54381,39.05536]]]}},{"type":"Feature","properties":{"name":"Villar del Arzobispo","layer":"municipio"},"geometry":{"type":"MultiLineString","coordinates":[[[-0.85644,39.72261],[-0.8407,39.73877],[-0.8317,39.75816],[-0.79571,39.73877],[-0.79346,39.721],[-0.78897,39.69838],[-0.78897,39.66122],[-0.79571,39.65637],[-0.84295,39.68384],[-0.8362,39.7],[-0.85644,39.72261]]]}},{"type":"Feature","properties":{"name":"Villargordo del Cabriel","layer":"municipio"},"geometry":{"type":"MultiLineString","coordinates":[[[-1.41647,39.56428],[-1.38498,39.54974],[-1.39173,39.53036],[-1.42097,39.49966],[-1.45696,39.48189],[-1.50194,39.5142]]]}},{"type":"Feature","properties":{"name":"Vinalesa","layer":"municipio"},"geometry":{"type":"MultiLineString","coordinates":[[[-0.37738,39.54166],[-0.36163,39.53197],[-0.36613,39.52389],[-0.37063,39.52712],[-0.37288,39.52874],[-0.37738,39.54166]]]}},{"type":"Feature","properties":{"name":"G\u00e1tova","layer":"municipio"},"geometry":{"type":"MultiLineString","coordinates":[[[-0.58205,39.75654],[-0.57755,39.7727],[-0.54831,39.79532],[-0.53032,39.79693],[-0.51457,39.77916],[-0.49883,39.74685],[-0.47184,39.72585],[-0.48983,39.70323],[-0.49433,39.71615],[-0.49883,39.73877],[-0.52807,39.7517],[-0.58205,39.75654]]]}},{"type":"Feature","properties":{"name":"La Yesa","layer":"municipio"},"geometry":{"type":"MultiLineString","coordinates":[[[-0.98239,39.83894],[-0.97564,39.97627],[-0.93291,39.95688],[-0.91942,39.96496],[-0.90592,39.94072],[-0.91492,39.91811],[-0.89917,39.89226],[-0.91042,39.86802],[-0.89468,39.85671],[-0.89692,39.85025],[-0.95315,39.83894],[-0.98239,39.83894]]]}},{"type":"Feature","properties":{"name":"Zarra","layer":"municipio"},"geometry":{"type":"MultiLineString","coordinates":[[[-1.21405,39.12322],[-1.12633,39.11837],[-1.09485,39.12322],[-1.07011,39.11514],[-1.04087,39.08767],[-1.05661,39.07798],[-1.09935,39.07313],[-1.16907,39.08929],[-1.17132,39.1006],[-1.21405,39.12322]]]}},{"type":"Feature","properties":{"name":"San Antonio de Benag\u00e9ber","layer":"municipio"},"geometry":{"type":"MultiLineString","coordinates":[[[-0.52132,39.57559],[-0.51008,39.58529],[-0.48309,39.5659],[-0.47184,39.55136],[-0.49208,39.54328],[-0.50558,39.55459],[-0.50108,39.56105],[-0.52132,39.57559]]]}},{"type":"Feature","properties":{"name":"Benicull de X\u00faquer","layer":"municipio"},"geometry":{"type":"MultiLineString","coordinates":[[[-0.40437,39.18461],[-0.38862,39.1943],[-0.37513,39.17815],[-0.39312,39.17653],[-0.40437,39.18461]]]}},{"type":"Feature","properties":{"name":"Illes Balears","layer":"provincia"},"geometry":{"type":"MultiLineString","coordinates":[[[1.43317,38.77424],[1.41742,38.78555],[1.42192,38.79686],[1.43317,38.77424]],[[1.4624,38.91803],[1.43991,38.91642],[1.43766,38.90188],[1.42192,38.90349],[1.41067,38.89057],[1.40393,38.87441],[1.40618,38.8324],[1.38368,38.8421],[1.37244,38.83079],[1.36119,38.85987],[1.3432,38.87118],[1.30497,38.86633],[1.29822,38.87603],[1.26673,38.87764],[1.24649,38.85664],[1.21275,38.89703],[1.23524,38.94065],[1.215,38.95681],[1.23299,38.96812],[1.26448,38.96812],[1.28472,38.97458],[1.30272,38.96973],[1.30497,38.97943],[1.28697,38.98912],[1.29147,39.02466],[1.31171,39.04405],[1.36119,39.07475],[1.37469,39.06182],[1.38818,39.07798],[1.41742,39.07798],[1.42642,39.09252],[1.43991,39.08121],[1.45341,39.09737],[1.49614,39.09898],[1.50514,39.11191],[1.53213,39.11837],[1.55687,39.09414],[1.5906,39.09737],[1.6086,39.07798],[1.5906,39.0699],[1.5951,39.05213],[1.61759,39.03759],[1.58386,39.01497],[1.58161,38.98912],[1.55237,38.99235],[1.53213,38.97943],[1.52988,38.9455],[1.50964,38.94711],[1.50514,38.93257],[1.4759,38.91319],[1.4624,38.91803]]]}},{"type":"Feature","properties":{"name":"Teruel","layer":"provincia"},"geometry":{"type":"MultiLineString","coordinates":[[[-1.27028,41.10398],[-1.25453,41.12336],[-1.2163,41.1379]],[[-1.17806,41.12821],[-1.15557,41.12821],[-1.15557,41.12983]],[[-1.00038,41.11529],[-0.98914,41.09105],[-0.95765,41.07651],[-0.91267,41.09267],[-0.91492,41.10559],[-0.89018,41.12659],[-0.88343,41.14921]],[[-0.86094,41.10721],[-0.82945,41.0959],[-0.81146,41.10074],[-0.78897,41.10721],[-0.78447,41.13629]],[[-0.71475,41.12498],[-0.6945,41.11205],[-0.67201,41.12983]],[[-0.01302,41.12013],[-0.00177,41.09105],[0.03646,41.04581],[0.0522,41.05551],[0.0567,41.07489],[0.07919,41.07974],[0.11968,41.07651],[0.14667,41.06359],[0.16691,41.07005],[0.22089,41.07166],[0.23438,41.0345],[0.24563,41.04097],[0.27937,41.01996],[0.25912,41.01512],[0.28162,40.98765],[0.28162,40.97473],[0.27487,40.93595],[0.25463,40.91979],[0.25013,40.89556],[0.23888,40.88425],[0.25463,40.86971],[0.25013,40.85517],[0.27262,40.81963],[0.25687,40.80024],[0.23213,40.77923],[0.17591,40.74208],[0.17141,40.73238],[0.14217,40.71784],[0.11518,40.72753],[0.07245,40.71461],[0.04321,40.69038],[0.02746,40.69522],[0.02971,40.71461],[0.01622,40.72753],[-0.01752,40.73077],[-0.04451,40.72592],[-0.0535,40.72753],[-0.10298,40.74208],[-0.12772,40.75338],[-0.14797,40.77439],[-0.14347,40.7857],[-0.19745,40.78408],[-0.21319,40.75823],[-0.22444,40.75338],[-0.24018,40.71784],[-0.23343,40.70815],[-0.23793,40.69845],[-0.26042,40.68553],[-0.29416,40.67422],[-0.30765,40.65968],[-0.3279,40.68068],[-0.35714,40.67745],[-0.38188,40.66129],[-0.37063,40.6516],[-0.37963,40.62413],[-0.34364,40.60636],[-0.32115,40.60313],[-0.29866,40.61283],[-0.29416,40.61121],[-0.29416,40.58374],[-0.29641,40.56597],[-0.29641,40.56436],[-0.28966,40.54335],[-0.29641,40.53204],[-0.29866,40.50619],[-0.28741,40.50943],[-0.27167,40.47873],[-0.29416,40.4658],[-0.33464,40.45773],[-0.34589,40.44318],[-0.33239,40.42541],[-0.30765,40.40926],[-0.28291,40.38341],[-0.28067,40.36887],[-0.31215,40.35917],[-0.37738,40.30424],[-0.39087,40.30586],[-0.39987,40.29616],[-0.38188,40.27677],[-0.38862,40.26223],[-0.4516,40.23477],[-0.46959,40.23962],[-0.50108,40.23315],[-0.51008,40.23154],[-0.54381,40.25092],[-0.54831,40.24446],[-0.56181,40.18953],[-0.57305,40.18145],[-0.5708,40.1556],[-0.5798,40.13783],[-0.60904,40.12491],[-0.62928,40.10229],[-0.61354,40.06997],[-0.62928,40.07482],[-0.66526,40.05059],[-0.67876,40.04574],[-0.7125,40.04251],[-0.71699,40.04089],[-0.76198,40.04089],[-0.76872,40.00858],[-0.79122,39.98919],[-0.83395,39.9795],[-0.84519,39.95365],[-0.82945,39.9068],[-0.79796,39.88256],[-0.79796,39.88095],[-0.8272,39.87125],[-0.86769,39.84702],[-0.89468,39.85671],[-0.91042,39.86802],[-0.89917,39.89226],[-0.91492,39.91811],[-0.90592,39.94072],[-0.91942,39.96496],[-0.93291,39.95688],[-0.97564,39.97627],[-1.00263,39.98111],[-1.02512,39.97465],[-1.05661,39.98111],[-1.0881,39.96981],[-1.10609,39.97465],[-1.12633,39.96334],[-1.14208,39.97142],[-1.16457,40.0102],[-1.13533,40.01504],[-1.0836,40.03605],[-1.07236,40.0522],[-1.0836,40.07159],[-1.10609,40.08775],[-1.13308,40.09744],[-1.14883,40.11521],[-1.20056,40.11037],[-1.24554,40.11683],[-1.25004,40.12329],[-1.24329,40.14591],[-1.25229,40.14268],[-1.28377,40.17176],[-1.29727,40.21215],[-1.32201,40.18468],[-1.31976,40.14591],[-1.3535,40.12975],[-1.38498,40.13783],[-1.39173,40.1346],[-1.44796,40.14591],[-1.44346,40.1653],[-1.43896,40.19761],[-1.47495,40.18468]],[[-1.44796,40.97634],[-1.4592,41.00704],[-1.4727,41.01027]],[[-1.42322,41.02643],[-1.41422,41.03289],[-1.40523,41.06682],[-1.37824,41.07328],[-1.36024,41.08782],[-1.35575,41.08782],[-1.35799,41.0652],[-1.33325,41.05066],[-1.28827,41.04904],[-1.28152,41.05551],[-1.27028,41.05551],[-1.25229,41.07813],[-1.25678,41.0862],[-1.27028,41.10398]]]}},{"type":"Feature","properties":{"name":"Zaragoza","layer":"provincia"},"geometry":{"type":"MultiLineString","coordinates":[[[-0.6945,41.11205],[-0.71475,41.12498],[-0.72824,41.14437]],[[-0.78897,41.10721],[-0.81146,41.10074],[-0.82945,41.0959],[-0.86094,41.10721],[-0.88343,41.12983]],[[-0.89018,41.12659],[-0.91492,41.10559],[-0.91267,41.09267],[-0.95765,41.07651],[-0.98914,41.09105],[-1.00038,41.11529],[-0.97339,41.15406]],[[-1.15557,41.12821],[-1.17806,41.12821],[-1.2163,41.1379]],[[-1.25453,41.12336],[-1.27028,41.10398],[-1.25678,41.0862],[-1.25229,41.07813],[-1.27028,41.05551],[-1.28152,41.05551],[-1.28827,41.04904],[-1.33325,41.05066],[-1.35799,41.0652],[-1.35575,41.08782],[-1.36024,41.08782],[-1.37824,41.07328],[-1.40523,41.06682],[-1.41422,41.03289],[-1.42322,41.02643],[-1.4772,41.01512]],[[-1.4592,41.00704],[-1.44796,40.97634],[-1.4727,40.94888]],[[0.20065,41.12498],[0.20964,41.1169],[0.20065,41.08459],[0.21864,41.07489],[0.22089,41.07166],[0.16691,41.07005],[0.14667,41.06359],[0.11968,41.07651],[0.07919,41.07974],[0.0567,41.07489],[0.0522,41.05551],[0.03646,41.04581],[-0.00177,41.09105],[-0.01302,41.12013],[-0.03776,41.12983]]]}},{"type":"Feature","properties":{"name":"Cuenca","layer":"provincia"},"geometry":{"type":"MultiLineString","coordinates":[[[-1.43896,40.19761],[-1.44346,40.1653],[-1.44796,40.14591],[-1.45696,40.1346],[-1.44346,40.11844],[-1.40748,40.10067],[-1.41422,40.08613],[-1.40073,40.06674],[-1.38273,40.03928],[-1.37599,40.01666],[-1.35799,40.01181],[-1.3355,40.01666],[-1.30851,40.0102],[-1.27478,40.00373],[-1.24779,39.99566],[-1.2073,40.00212],[-1.19156,40.00212],[-1.16457,40.0102],[-1.14208,39.97142],[-1.15332,39.96334],[-1.20505,39.9488],[-1.20955,39.9278],[-1.19606,39.91326],[-1.19831,39.87287],[-1.2073,39.8454],[-1.2118,39.83248],[-1.21405,39.80824],[-1.23429,39.78239],[-1.26128,39.75654],[-1.27478,39.73877],[-1.26128,39.69838],[-1.27928,39.67738],[-1.31301,39.67091],[-1.36924,39.6903],[-1.41872,39.65476],[-1.43671,39.62891],[-1.45246,39.59175],[-1.47045,39.57236]]]}},{"type":"Feature","properties":{"name":"Alacant/Alicante","layer":"provincia"},"geometry":{"type":"MultiLineString","coordinates":[[[-0.04226,38.85664],[-0.02427,38.87279],[-0.03776,38.88734],[-0.02202,38.87603],[0.03421,38.85987],[0.0522,38.8631],[0.09494,38.85341],[0.12418,38.83402],[0.14667,38.8324],[0.16691,38.81786],[0.1984,38.80171],[0.1849,38.78555],[0.20964,38.7597],[0.22089,38.7597],[0.23213,38.73224]],[[-0.96215,38.77424],[-0.92841,38.78394],[-0.91267,38.76939],[-0.86094,38.76939],[-0.83845,38.73708]],[[-0.74398,38.75485],[-0.73274,38.75647],[-0.71699,38.75001],[-0.70575,38.73385]],[[-0.50783,38.75485],[-0.53257,38.76778],[-0.5663,38.75485],[-0.5843,38.76778],[-0.59554,38.79524],[-0.55956,38.80332],[-0.54831,38.80494],[-0.53482,38.80979],[-0.52582,38.80979],[-0.47859,38.80494],[-0.46284,38.80817],[-0.46059,38.80979],[-0.45385,38.81786],[-0.4471,38.81948],[-0.44485,38.82109],[-0.43136,38.82594],[-0.40437,38.8324],[-0.40212,38.84048],[-0.38188,38.83402],[-0.35489,38.85018],[-0.35039,38.85664],[-0.34364,38.86149],[-0.3234,38.8631],[-0.31215,38.87441],[-0.3099,38.88087],[-0.29866,38.88249],[-0.26042,38.85987],[-0.23118,38.85341],[-0.1952,38.85987],[-0.19745,38.86633],[-0.16146,38.88734],[-0.14797,38.85825],[-0.06925,38.88572],[-0.04226,38.85664]]]}},{"type":"Feature","properties":{"name":"Val\u00e8ncia/Valencia","layer":"provincia"},"geometry":{"type":"MultiLineString","coordinates":[[[-0.3144,39.52551],[-0.3189,39.5142],[-0.3234,39.4835],[-0.3189,39.46088],[-0.30316,39.46088],[-0.31215,39.44311],[-0.3234,39.45765],[-0.31665,39.42372],[-0.33015,39.42857],[-0.33239,39.40918],[-0.30541,39.33486],[-0.27392,39.27832],[-0.24468,39.225],[-0.21994,39.18623],[-0.24018,39.16684],[-0.23793,39.1426],[-0.22219,39.10545],[-0.1997,39.05859],[-0.1817,39.03113],[-0.14797,38.98266],[-0.13672,38.97135],[-0.13222,38.96812],[-0.12772,38.96327],[-0.11873,38.95358],[-0.10748,38.94388],[-0.03776,38.88734],[-0.02427,38.87279],[-0.04226,38.85664],[-0.06925,38.88572],[-0.14797,38.85825],[-0.16146,38.88734],[-0.19745,38.86633],[-0.1952,38.85987],[-0.23118,38.85341],[-0.26042,38.85987],[-0.29866,38.88249],[-0.3099,38.88087],[-0.31215,38.87441],[-0.3234,38.8631],[-0.34364,38.86149],[-0.35039,38.85664],[-0.35489,38.85018],[-0.38188,38.83402],[-0.40212,38.84048],[-0.40437,38.8324],[-0.43136,38.82594],[-0.44485,38.82109],[-0.4471,38.81948],[-0.45385,38.81786],[-0.46059,38.80979],[-0.46284,38.80817],[-0.47859,38.80494],[-0.52582,38.80979],[-0.53482,38.80979],[-0.54831,38.80494],[-0.55956,38.80332],[-0.59554,38.79524],[-0.5843,38.76778],[-0.5663,38.75485],[-0.53257,38.76778],[-0.50783,38.75485],[-0.50783,38.74354]],[[-0.71699,38.75001],[-0.73274,38.75647],[-0.74398,38.75485],[-0.78672,38.74678]],[[-0.86094,38.76939],[-0.91267,38.76939],[-0.92841,38.78394],[-0.93291,38.8114],[-0.92391,38.82433],[-0.93516,38.85502],[-0.92391,38.89218],[-0.94191,38.90026],[-0.95765,38.92126],[-0.9599,38.94388],[-1.00038,38.95034],[-1.01613,38.93742],[-1.10834,38.92934],[-1.14658,38.92934],[-1.16007,38.95519],[-1.22755,39.02466],[-1.26578,39.05051],[-1.26578,39.07475],[-1.25678,39.08444],[-1.25678,39.10545],[-1.24104,39.11352],[-1.23204,39.13291],[-1.22755,39.1523],[-1.19606,39.17653],[-1.18931,39.20077],[-1.18031,39.21208],[-1.17582,39.246],[-1.17582,39.26539],[-1.16232,39.30578],[-1.16907,39.31386],[-1.2163,39.31871],[-1.25004,39.32355],[-1.27478,39.33325],[-1.29952,39.33002],[-1.31976,39.34294],[-1.3355,39.33325],[-1.36249,39.3494],[-1.38498,39.35425],[-1.38273,39.36556],[-1.39848,39.36395],[-1.41197,39.3801],[-1.45471,39.36071],[-1.45246,39.39787],[-1.47495,39.40918]],[[-1.45246,39.59175],[-1.43671,39.62891],[-1.41872,39.65476],[-1.36924,39.6903],[-1.31301,39.67091],[-1.27928,39.67738],[-1.26128,39.69838],[-1.27478,39.73877],[-1.26128,39.75654],[-1.23429,39.78239],[-1.21405,39.80824],[-1.2118,39.83248],[-1.2073,39.8454],[-1.19831,39.87287],[-1.19606,39.91326],[-1.20955,39.9278],[-1.20505,39.9488],[-1.15332,39.96334],[-1.14208,39.97142],[-1.12633,39.96334],[-1.10609,39.97465],[-1.0881,39.96981],[-1.05661,39.98111],[-1.02512,39.97465],[-1.00263,39.98111],[-0.97564,39.97627],[-0.93291,39.95688],[-0.91942,39.96496],[-0.90592,39.94072],[-0.91492,39.91811],[-0.89917,39.89226],[-0.91042,39.86802],[-0.89468,39.85671],[-0.86769,39.84702],[-0.8272,39.87125],[-0.79796,39.88095],[-0.77322,39.86964],[-0.73724,39.82117],[-0.7125,39.81632],[-0.69001,39.85186],[-0.65627,39.83571],[-0.64502,39.79209],[-0.65177,39.75331],[-0.63153,39.74685],[-0.58879,39.742],[-0.58205,39.75654],[-0.57755,39.7727],[-0.54831,39.79532],[-0.53032,39.79693],[-0.51457,39.77916],[-0.49883,39.74685],[-0.47184,39.72585],[-0.46059,39.71615],[-0.44485,39.71938],[-0.44035,39.73069],[-0.40887,39.74523],[-0.38862,39.76947],[-0.38637,39.76947],[-0.39087,39.77916],[-0.37738,39.80016],[-0.3279,39.80178],[-0.31665,39.80016],[-0.30765,39.79693],[-0.27617,39.77108],[-0.27392,39.75493],[-0.27167,39.75008],[-0.26042,39.74362],[-0.23343,39.74039],[-0.1952,39.72423],[-0.18845,39.72261],[-0.1997,39.68546],[-0.2042,39.67253],[-0.21094,39.65314],[-0.23793,39.63699],[-0.25817,39.61598],[-0.26717,39.59821],[-0.28067,39.5659],[-0.28516,39.55944],[-0.28741,39.55621],[-0.29641,39.54974],[-0.29866,39.5449],[-0.31215,39.53036],[-0.31215,39.52874],[-0.3144,39.52551]],[[-1.44796,40.14591],[-1.39173,40.1346],[-1.38498,40.13783],[-1.3535,40.12975],[-1.31976,40.14591],[-1.32201,40.18468],[-1.29727,40.21215],[-1.28377,40.17176],[-1.25229,40.14268],[-1.24329,40.14591],[-1.25004,40.12329],[-1.24554,40.11683],[-1.20056,40.11037],[-1.14883,40.11521],[-1.13308,40.09744],[-1.10609,40.08775],[-1.0836,40.07159],[-1.07236,40.0522],[-1.0836,40.03605],[-1.13533,40.01504],[-1.16457,40.0102],[-1.19156,40.00212],[-1.2073,40.00212],[-1.24779,39.99566],[-1.27478,40.00373],[-1.30851,40.0102],[-1.3355,40.01666],[-1.35799,40.01181],[-1.37599,40.01666],[-1.38273,40.03928],[-1.40073,40.06674],[-1.41422,40.08613],[-1.40748,40.10067],[-1.44346,40.11844],[-1.45696,40.1346],[-1.44796,40.14591]]]}},{"type":"Feature","properties":{"name":"Albacete","layer":"provincia"},"geometry":{"type":"MultiLineString","coordinates":[[[-1.26578,39.05051],[-1.22755,39.02466],[-1.16007,38.95519],[-1.14658,38.92934],[-1.10834,38.92934],[-1.01613,38.93742],[-1.00038,38.95034],[-0.9599,38.94388],[-0.95765,38.92126],[-0.94191,38.90026],[-0.92391,38.89218],[-0.93516,38.85502],[-0.92391,38.82433],[-0.93291,38.8114],[-0.92841,38.78394],[-0.96215,38.77424],[-0.92841,38.70639]],[[-1.45246,39.39787],[-1.45471,39.36071],[-1.41197,39.3801],[-1.39848,39.36395],[-1.38273,39.36556],[-1.38498,39.35425],[-1.36249,39.3494],[-1.3355,39.33325],[-1.31976,39.34294],[-1.29952,39.33002],[-1.27478,39.33325],[-1.25004,39.32355],[-1.2163,39.31871],[-1.16907,39.31386],[-1.16232,39.30578],[-1.17582,39.26539],[-1.17582,39.246],[-1.18031,39.21208],[-1.18931,39.20077],[-1.19606,39.17653],[-1.22755,39.1523],[-1.23204,39.13291],[-1.24104,39.11352],[-1.25678,39.10545],[-1.25678,39.08444],[-1.26578,39.07475],[-1.26578,39.05051]]]}},{"type":"Feature","properties":{"name":"Castell\u00f3/Castell\u00f3n","layer":"provincia"},"geometry":{"type":"MultiLineString","coordinates":[[[0.00272,39.94234],[-0.00852,39.91003],[-0.03326,39.89549],[-0.067,39.86156],[-0.07824,39.86156],[-0.09849,39.84217],[-0.12323,39.80824],[-0.15247,39.76947],[-0.16821,39.75331],[-0.17271,39.74685],[-0.18845,39.72261],[-0.1952,39.72423],[-0.23343,39.74039],[-0.26042,39.74362],[-0.27167,39.75008],[-0.27392,39.75493],[-0.27617,39.77108],[-0.30765,39.79693],[-0.31665,39.80016],[-0.3279,39.80178],[-0.37738,39.80016],[-0.39087,39.77916],[-0.38637,39.76947],[-0.38862,39.76947],[-0.40887,39.74523],[-0.44035,39.73069],[-0.44485,39.71938],[-0.46059,39.71615],[-0.47184,39.72585],[-0.49883,39.74685],[-0.51457,39.77916],[-0.53032,39.79693],[-0.54831,39.79532],[-0.57755,39.7727],[-0.58205,39.75654],[-0.58879,39.742],[-0.63153,39.74685],[-0.65177,39.75331],[-0.64502,39.79209],[-0.65627,39.83571],[-0.69001,39.85186],[-0.7125,39.81632],[-0.73724,39.82117],[-0.77322,39.86964],[-0.79796,39.88095],[-0.79796,39.88256],[-0.82945,39.9068],[-0.84519,39.95365],[-0.83395,39.9795],[-0.79122,39.98919],[-0.76872,40.00858],[-0.76198,40.04089],[-0.71699,40.04089],[-0.7125,40.04251],[-0.67876,40.04574],[-0.66526,40.05059],[-0.62928,40.07482],[-0.61354,40.06997],[-0.62928,40.10229],[-0.60904,40.12491],[-0.5798,40.13783],[-0.5708,40.1556],[-0.57305,40.18145],[-0.56181,40.18953],[-0.54831,40.24446],[-0.54381,40.25092],[-0.51008,40.23154],[-0.50108,40.23315],[-0.46959,40.23962],[-0.4516,40.23477],[-0.38862,40.26223],[-0.38188,40.27677],[-0.39987,40.29616],[-0.39087,40.30586],[-0.37738,40.30424],[-0.31215,40.35917],[-0.28067,40.36887],[-0.28291,40.38341],[-0.30765,40.40926],[-0.33239,40.42541],[-0.34589,40.44318],[-0.33464,40.45773],[-0.29416,40.4658],[-0.27167,40.47873],[-0.28741,40.50943],[-0.29866,40.50619],[-0.29641,40.53204],[-0.28966,40.54335],[-0.29641,40.56436],[-0.29641,40.56597],[-0.29416,40.58374],[-0.29416,40.61121],[-0.29866,40.61283],[-0.32115,40.60313],[-0.34364,40.60636],[-0.37963,40.62413],[-0.37063,40.6516],[-0.38188,40.66129],[-0.35714,40.67745],[-0.3279,40.68068],[-0.30765,40.65968],[-0.29416,40.67422],[-0.26042,40.68553],[-0.23793,40.69845],[-0.23343,40.70815],[-0.24018,40.71784],[-0.22444,40.75338],[-0.21319,40.75823],[-0.19745,40.78408],[-0.14347,40.7857],[-0.14797,40.77439],[-0.12772,40.75338],[-0.10298,40.74208],[-0.0535,40.72753],[-0.04451,40.72592],[-0.01752,40.73077],[0.01622,40.72753],[0.02971,40.71461],[0.02746,40.69522],[0.04321,40.69038],[0.07245,40.71461],[0.11518,40.72753],[0.14217,40.71784],[0.17141,40.73238],[0.1984,40.7243],[0.22539,40.73238],[0.23888,40.70168],[0.26137,40.70653],[0.29286,40.68714],[0.26812,40.65968],[0.26587,40.64514],[0.27937,40.6306],[0.31085,40.61767],[0.32885,40.61121],[0.39182,40.60475],[0.41656,40.58859],[0.42331,40.58374],[0.44355,40.5789],[0.43231,40.56597],[0.43905,40.54658],[0.51552,40.52235],[0.47729,40.4658],[0.45255,40.44318],[0.4368,40.41572],[0.41656,40.39956],[0.40082,40.35756],[0.36483,40.32363],[0.35134,40.30101],[0.3221,40.27516],[0.27937,40.24446],[0.26362,40.20892],[0.25463,40.20407],[0.23438,40.19922],[0.20065,40.18145],[0.18265,40.16045],[0.16016,40.12329],[0.14667,40.0829],[0.11968,40.0619],[0.09044,40.05543],[0.04996,40.03605],[0.03871,40.01504],[0.02522,39.97788],[0.00272,39.94234]]]}},{"type":"Feature","properties":{"name":"Tarragona","layer":"provincia"},"geometry":{"type":"MultiLineString","coordinates":[[[1.3432,41.12498],[1.29372,41.12659],[1.25773,41.11367],[1.224,41.09105],[1.22175,41.10559],[1.19701,41.09267],[1.18126,41.06682],[1.17227,41.05551],[1.14303,41.07166],[1.11829,41.07328],[1.0823,41.06359],[1.04632,41.06359],[1.02383,41.05228],[0.98334,41.03935],[0.9541,41.01835],[0.93161,40.99088],[0.90012,40.97634],[0.85739,40.93434],[0.79666,40.87617],[0.79217,40.86648],[0.75168,40.84548],[0.73594,40.82447],[0.69995,40.80024],[0.72019,40.77923],[0.72919,40.76954],[0.76293,40.76146],[0.78317,40.77116],[0.73369,40.79216],[0.76743,40.79216],[0.8214,40.74046],[0.84165,40.73077],[0.85514,40.73723],[0.87313,40.71946],[0.86639,40.69522],[0.84839,40.67907],[0.79441,40.65645],[0.74943,40.63544],[0.7067,40.58536],[0.67746,40.56436],[0.62348,40.55143],[0.60099,40.56113],[0.59199,40.57728],[0.61673,40.57728],[0.61673,40.58536],[0.64822,40.57243],[0.65947,40.59182],[0.7067,40.59021],[0.74493,40.63544],[0.72694,40.64029],[0.68871,40.63544],[0.66397,40.62575],[0.60099,40.62252],[0.58075,40.60313],[0.53802,40.56759],[0.51552,40.52235],[0.43905,40.54658],[0.43231,40.56597],[0.44355,40.5789],[0.42331,40.58374],[0.41656,40.58859],[0.39182,40.60475],[0.32885,40.61121],[0.31085,40.61767],[0.27937,40.6306],[0.26587,40.64514],[0.26812,40.65968],[0.29286,40.68714],[0.26137,40.70653],[0.23888,40.70168],[0.22539,40.73238],[0.1984,40.7243],[0.17141,40.73238],[0.17591,40.74208],[0.23213,40.77923],[0.25687,40.80024],[0.27262,40.81963],[0.25013,40.85517],[0.25463,40.86971],[0.23888,40.88425],[0.25013,40.89556],[0.25463,40.91979],[0.27487,40.93595],[0.28162,40.97473],[0.28162,40.98765],[0.25912,41.01512],[0.27937,41.01996],[0.24563,41.04097],[0.23438,41.0345],[0.22089,41.07166],[0.21864,41.07489],[0.20065,41.08459],[0.20964,41.1169],[0.20065,41.12498],[0.21864,41.13144]]]}}]}